rank,n,w,h,d,k,t,sig_bytes,mean_ms,median_ms,min_ms,max_ms,stdev_ms,sk_bytes,pk_bytes
1,16,4,6,3,6,8,0,2.14734,2.138,2.1293,2.1733,0.018098,64,32
2,16,4,6,3,6,32,0,2.22786,2.2141,2.1952,2.2766,0.035947,64,32
3,16,4,6,3,6,16,0,2.23908,2.2329,2.1954,2.2902,0.037774,64,32
4,16,4,6,3,4,32,0,2.24012,2.1983,2.1363,2.4399,0.120898,64,32
5,16,4,6,3,8,16,0,2.27018,2.2266,2.2041,2.4035,0.086224,64,32
6,16,4,6,3,4,8,0,2.30748,2.2758,2.2037,2.4391,0.106764,64,32
7,16,4,6,3,8,8,0,2.33658,2.2893,2.279,2.5045,0.095277,64,32
8,16,4,6,3,8,32,0,2.371,2.3325,2.2001,2.6603,0.18284,64,32
9,16,4,6,3,4,16,0,2.43302,2.3108,2.1424,2.8874,0.321516,64,32
10,16,4,6,2,4,8,0,4.0405,3.9027,3.8555,4.3593,0.23072,64,32
11,16,4,6,2,6,32,0,4.05788,4.0444,3.8583,4.2853,0.156072,64,32
12,16,4,6,2,6,16,0,4.19024,4.1503,4.0803,4.3899,0.124209,64,32
13,16,4,6,2,4,16,0,4.22634,4.2431,4.1633,4.2525,0.036657,64,32
14,16,4,6,2,8,8,0,4.37198,4.373,4.2813,4.4685,0.088027,64,32
15,16,4,6,2,6,8,0,4.4395,4.3986,4.39,4.5651,0.073821,64,32
16,16,4,6,2,8,16,0,4.48124,4.4433,4.411,4.5826,0.072114,64,32
17,16,4,6,2,4,32,0,4.48126,4.3676,4.2609,4.7251,0.223738,64,32
18,16,4,6,2,8,32,0,4.53066,4.4858,4.394,4.6967,0.124622,64,32
19,16,16,6,3,4,16,0,4.97264,4.7967,3.5886,6.4584,1.138602,64,32
20,16,16,6,3,6,16,0,4.99964,4.5112,4.2426,7.0452,1.157411,64,32
21,16,16,6,3,6,32,0,5.72604,5.5926,4.6265,7.6197,1.162017,64,32
22,16,16,6,3,4,32,0,6.57728,6.4253,5.3819,8.2294,1.028751,64,32
23,16,16,6,3,4,8,0,6.59042,6.6816,5.5437,7.6498,0.900211,64,32
24,16,16,6,3,8,16,0,7.7796,7.5018,4.3934,10.4807,2.283394,64,32
25,16,16,6,3,8,32,0,8.2124,8.0786,5.4877,10.7492,1.886672,64,32
26,16,16,6,3,6,8,0,8.6512,9.9066,4.0344,12.2775,3.246219,64,32
27,16,16,6,3,8,8,0,8.87518,9.6354,5.8391,11.0155,2.316792,64,32
28,16,16,6,2,8,8,0,10.74314,10.5539,8.6126,14.0951,2.125134,64,32
29,16,16,6,2,6,8,0,11.05994,10.3087,9.0891,13.8985,2.12897,64,32
30,16,16,6,2,4,32,0,11.26554,10.0676,7.8652,17.1323,3.564294,64,32
31,16,64,6,3,6,8,0,11.3391,11.192,11.024,11.7641,0.332159,64,32
32,16,64,6,3,6,16,0,11.37546,11.4343,10.7938,11.9183,0.40873,64,32
33,16,16,6,2,4,16,0,11.38746,11.4531,7.3685,16.0748,3.947546,64,32
34,16,64,6,3,6,32,0,11.39852,11.6009,10.5774,12.2298,0.710581,64,32
35,16,64,6,3,8,32,0,11.47678,11.4199,11.169,11.7613,0.225457,64,32
36,16,64,6,3,8,8,0,11.5786,11.3281,11.0385,12.488,0.57597,64,32
37,16,64,6,3,4,16,0,11.65814,11.3009,10.924,13.4748,1.028374,64,32
38,16,64,6,3,4,32,0,11.74104,11.4377,11.357,12.8254,0.62098,64,32
39,16,64,6,3,4,8,0,11.90602,11.9275,11.5525,12.1859,0.251248,64,32
40,16,64,6,3,8,16,0,12.06932,12.0842,11.4332,12.7327,0.604014,64,32
41,16,16,6,2,4,8,0,12.45816,10.1417,7.6217,17.8428,4.493067,64,32
42,16,16,6,2,8,16,0,12.4624,9.1601,8.1093,25.2727,7.252616,64,32
43,16,4,12,3,4,16,0,12.7619,9.0064,8.1994,19.391,5.710834,64,32
44,16,4,12,3,4,32,0,13.06156,12.5275,8.3637,19.0718,3.856027,64,32
45,16,4,12,3,4,8,0,13.49428,13.9248,8.705,16.4974,3.142562,64,32
46,16,16,6,2,6,16,0,13.94534,14.6064,10.6951,16.7121,2.366382,64,32
47,16,16,6,2,6,32,0,13.95902,11.8959,7.8393,25.8462,7.349365,64,32
48,16,4,12,3,6,32,0,14.44072,10.12,8.9997,22.0387,6.691119,64,32
49,16,4,12,3,6,8,0,15.26486,13.9349,10.9222,21.578,4.527143,64,32
50,16,4,12,3,8,8,0,15.2709,9.5509,8.2377,27.3903,8.908482,64,32
51,16,16,6,2,8,32,0,15.54728,14.769,12.1838,19.7836,3.357471,64,32
52,16,4,12,3,8,16,0,16.75514,19.5944,9.989,21.9732,5.316609,64,32
53,16,4,10,2,8,32,0,16.84058,16.8678,16.405,17.0744,0.268553,64,32
54,16,4,10,2,6,8,0,16.8583,16.7605,15.9643,18.2829,0.877221,64,32
55,16,4,12,3,6,16,0,17.17656,17.0876,7.8007,25.3503,7.295868,64,32
56,16,4,10,2,4,8,0,17.45152,17.5839,16.5563,18.3493,0.740868,64,32
57,16,4,10,2,4,16,0,17.61844,17.6543,17.1316,18.0978,0.388103,64,32
58,16,4,10,2,8,16,0,18.25238,18.5206,17.1292,19.6636,1.01661,64,32
59,16,4,10,2,4,32,0,18.43814,18.4182,18.1269,18.8126,0.26043,64,32
60,16,4,10,2,8,8,0,18.57802,18.1778,17.1386,20.1631,1.236748,64,32
61,16,4,10,2,6,32,0,18.66154,18.4181,18.1846,19.2097,0.460689,64,32
62,16,4,10,2,6,16,0,19.31536,18.9141,16.969,22.8813,2.179093,64,32
63,16,16,12,3,4,32,0,19.3899,19.163,17.2453,22.9914,2.322578,64,32
64,16,4,12,3,8,32,0,19.6897,20.1049,16.7514,24.0772,2.909686,64,32
65,16,16,12,3,6,8,0,19.73514,19.5294,18.6887,20.9621,0.845294,64,32
66,16,16,12,3,6,16,0,20.13052,19.861,17.9333,22.8647,2.271961,64,32
67,16,16,12,3,4,16,0,20.87306,21.4621,19.2376,22.0093,1.179225,64,32
68,16,16,12,3,8,8,0,21.63104,21.352,19.1113,24.6798,1.989357,64,32
69,16,16,12,3,8,32,0,22.65116,21.1908,20.0461,27.796,3.093691,64,32
70,16,16,12,3,6,32,0,22.67386,21.5107,20.5602,26.8285,2.509081,64,32
71,16,16,12,3,4,8,0,23.29622,22.1129,20.9168,26.8696,2.668588,64,32
72,16,64,6,2,8,32,0,23.6603,23.1872,22.7867,24.7031,0.858959,64,32
73,16,64,6,2,8,8,0,25.2361,25.8697,22.8833,26.4262,1.399714,64,32
74,16,64,6,2,6,32,0,25.55344,25.5731,23.4025,28.5981,1.975652,64,32
75,16,64,6,2,4,16,0,25.59864,24.3271,23.0706,29.9219,2.912889,64,32
76,16,16,12,3,8,16,0,25.64084,22.7731,21.8456,36.5927,6.241962,64,32
77,16,64,6,2,8,16,0,26.65484,26.8339,23.1749,29.1005,2.436621,64,32
78,16,64,6,2,4,32,0,28.16106,26.6034,25.0211,32.4014,3.279218,64,32
79,16,64,6,2,4,8,0,28.39134,27.5779,26.0153,32.8775,2.715697,64,32
80,16,64,6,2,6,8,0,28.85276,27.3637,24.6396,34.4086,4.114857,64,32
81,16,64,6,2,6,16,0,30.48596,30.0615,25.6676,37.2879,4.236611,64,32
82,16,4,12,2,8,8,0,35.52474,35.3114,33.6596,37.3847,1.59438,64,32
83,16,4,12,2,4,8,0,35.6415,35.4028,35.1405,36.3823,0.574114,64,32
84,16,4,12,2,4,32,0,36.38974,36.6106,34.9758,37.9393,1.339715,64,32
85,16,4,12,2,6,8,0,36.70978,37.5352,34.4734,37.9102,1.443353,64,32
86,16,4,12,2,6,16,0,36.82998,36.76,34.9256,39.1502,1.837428,64,32
87,16,4,12,2,4,16,0,36.9407,36.3978,33.4551,41.2161,2.956183,64,32
88,16,4,12,2,6,32,0,37.5805,37.3538,35.7558,39.9647,1.533995,64,32
89,16,256,6,3,4,16,0,38.9457,39.904,34.8591,40.9122,2.404439,64,32
90,16,256,6,3,4,32,0,39.0034,38.9237,37.6824,40.4777,0.996339,64,32
91,16,256,6,3,4,8,0,39.2945,40.4325,34.5881,40.8491,2.668173,64,32
92,16,256,6,3,6,8,0,41.07554,38.7795,37.6515,46.1313,3.776077,64,32
93,16,256,6,3,6,16,0,42.10008,39.3283,37.7132,53.2768,6.364491,64,32
94,16,16,10,2,4,8,0,42.82198,42.4657,41.3209,45.8024,1.78365,64,32
95,16,16,10,2,6,8,0,42.93834,43.2588,36.2375,47.8409,4.498099,64,32
96,16,16,10,2,4,16,0,42.99072,41.4409,40.6428,47.4925,2.867261,64,32
97,16,64,12,3,8,16,0,43.44392,43.3558,41.8737,44.546,1.040247,64,32
98,16,256,6,3,6,32,0,43.76726,42.9686,41.5362,47.0029,2.23862,64,32
99,16,16,10,2,6,32,0,44.35498,50.2118,34.7293,51.3373,8.616347,64,32
100,16,256,6,3,8,16,0,44.78504,40.9383,39.5285,51.8275,6.040137,64,32
101,16,4,12,2,8,32,0,45.51666,41.6129,40.0299,56.1095,7.168085,64,32
102,16,64,12,3,8,32,0,46.12206,46.3862,44.6617,46.6889,0.831314,64,32
103,16,64,12,3,6,32,0,46.49764,46.2798,45.9009,47.1116,0.542746,64,32
104,16,64,12,3,6,8,0,46.5948,46.4062,42.7933,49.8551,2.5731,64,32
105,16,64,12,3,4,32,0,47.13504,46.9076,45.7388,49.4829,1.411154,64,32
106,16,64,12,3,4,16,0,47.13594,46.8707,46.6941,47.7045,0.485766,64,32
107,16,64,12,3,4,8,0,48.12506,47.4855,45.7626,50.5758,1.91894,64,32
108,16,64,12,3,6,16,0,48.38362,47.4799,45.4313,51.6971,3.043879,64,32
109,16,64,12,3,8,8,0,48.53952,48.0909,47.3139,50.4815,1.196828,64,32
110,16,16,10,2,8,32,0,48.6755,48.8337,45.2134,52.2674,2.514341,64,32
111,16,16,10,2,8,16,0,50.06798,45.6491,40.4019,64.0067,10.649627,64,32
112,16,4,12,2,8,16,0,50.28166,48.5923,38.5809,58.8521,8.161072,64,32
113,16,256,6,3,8,8,0,51.25602,50.7867,42.6854,60.2535,6.69665,64,32
114,16,16,10,2,4,32,0,51.85084,50.4745,38.7596,68.6617,10.942312,64,32
115,16,16,10,2,8,8,0,51.96568,43.7171,34.645,72.6743,18.386599,64,32
116,16,256,6,3,8,32,0,54.54088,54.5351,46.4681,63.8137,6.184741,64,32
117,16,16,10,2,6,16,0,60.05806,59.888,34.88,89.4857,19.632218,64,32
118,16,16,12,2,8,32,0,71.84252,71.6035,70.2086,73.9749,1.517684,64,32
119,16,256,6,2,6,16,0,73.84258,74.2332,72.2922,75.0853,1.104177,64,32
120,16,256,6,2,4,16,0,75.80682,74.1496,72.2102,79.5141,3.434874,64,32
121,16,256,6,2,8,16,0,76.31664,77.6115,69.3928,79.1608,3.927606,64,32
122,16,256,6,2,6,8,0,76.87864,77.8071,70.9435,79.6212,3.406541,64,32
123,16,256,6,2,6,32,0,76.977,77.0158,76.2282,77.4774,0.485965,64,32
124,16,256,6,2,8,8,0,77.4829,77.3289,76.1759,78.5684,0.912548,64,32
125,16,256,6,2,8,32,0,78.1754,79.596,72.096,81.0434,3.652138,64,32
126,16,256,6,2,4,32,0,78.7725,79.0339,77.2738,80.3812,1.264381,64,32
127,16,16,12,2,8,16,0,79.5184,79.85,68.2049,90.7137,8.608802,64,32
128,16,256,6,2,4,8,0,80.20586,77.945,77.0499,85.1425,3.888131,64,32
129,16,64,10,2,8,16,0,93.0383,90.7204,88.3782,98.854,4.673319,64,32
130,16,64,10,2,6,8,0,93.60394,92.3878,91.033,99.4932,3.500934,64,32
131,16,16,12,2,8,8,0,93.80316,94.8446,72.457,122.374,20.695686,64,32
132,16,16,12,2,4,32,0,94.79146,93.4896,69.765,122.1995,19.123256,64,32
133,16,16,12,2,6,8,0,95.12694,103.4439,69.7823,114.9854,18.291223,64,32
134,16,16,12,2,6,16,0,95.30822,88.9579,79.2289,113.1341,14.417318,64,32
135,16,64,10,2,4,32,0,95.81858,97.3162,89.5204,99.6171,3.952964,64,32
136,16,64,10,2,8,32,0,96.25378,96.4925,92.1734,98.8648,2.692884,64,32
137,16,64,10,2,4,8,0,96.27372,97.0202,92.6105,99.6152,2.941275,64,32
138,16,64,10,2,8,8,0,98.93538,101.2755,92.8983,103.8881,4.759283,64,32
139,16,64,10,2,6,32,0,99.64062,99.1704,96.9141,104.3399,2.87075,64,32
140,16,64,10,2,6,16,0,99.67314,97.4776,93.8697,114.1374,8.292789,64,32
141,16,16,12,2,6,32,0,100.40472,92.3017,89.8826,132.1775,17.98892,64,32
142,16,64,10,2,4,16,0,104.13624,99.9446,95.1282,119.9975,10.15493,64,32
143,16,16,12,2,4,8,0,104.47386,104.3322,81.0397,129.9597,19.527627,64,32
144,16,16,12,2,4,16,0,133.39656,129.9558,121.429,144.7348,9.442827,64,32
145,16,256,12,3,6,32,0,158.47454,158.1772,152.696,165.0727,4.691971,64,32
146,16,256,12,3,8,8,0,161.51756,161.2315,160.0916,162.8351,1.244255,64,32
147,16,256,12,3,6,8,0,163.85528,163.3364,153.4609,170.4437,6.877441,64,32
148,16,256,12,3,4,8,0,168.77542,165.577,161.795,182.6625,8.132097,64,32
149,16,256,12,3,6,16,0,171.16858,171.1366,162.1533,176.7531,5.859782,64,32
150,16,64,12,2,6,8,0,183.24474,181.0025,179.5239,188.2077,3.947623,64,32
151,16,256,12,3,4,32,0,183.37152,183.8485,171.5879,192.6415,9.045123,64,32
152,16,64,12,2,4,32,0,186.32646,181.7539,178.7717,197.849,8.192394,64,32
153,16,256,12,3,8,32,0,186.48262,179.355,169.9884,208.8981,16.08766,64,32
154,16,64,12,2,4,8,0,186.98342,185.9431,177.3455,195.8984,7.513679,64,32
155,16,64,12,2,4,16,0,187.21426,184.6226,179.1577,197.8879,8.519714,64,32
156,16,64,12,2,8,8,0,190.76948,190.1365,183.9373,195.8383,4.879272,64,32
157,16,256,12,3,4,16,0,191.1294,194.5158,170.8779,206.005,13.764679,64,32
158,16,64,12,2,6,32,0,191.37754,191.3361,184.166,195.9844,4.714193,64,32
159,16,64,12,2,8,16,0,195.09644,199.9058,180.5016,206.8937,12.279354,64,32
160,16,64,12,2,8,32,0,195.48572,196.421,188.4417,202.2691,5.92668,64,32
161,16,64,12,2,6,16,0,197.9401,196.9199,195.9468,201.0365,2.340987,64,32
162,16,256,12,3,8,16,0,213.57336,200.1308,177.6049,275.5435,37.921778,64,32
163,16,256,10,2,6,8,0,417.22092,421.212,403.1813,435.0061,13.413579,64,32
164,16,256,10,2,4,16,0,427.48752,424.9439,412.461,439.8204,11.293124,64,32
165,16,256,10,2,4,8,0,428.19748,437.6649,382.0124,469.4305,38.873767,64,32
166,16,256,10,2,8,8,0,428.22816,419.8187,375.4097,488.0343,41.735625,64,32
167,16,256,10,2,6,16,0,428.94774,420.7564,386.8861,474.097,33.728108,64,32
168,16,256,10,2,4,32,0,429.49024,423.1631,347.0913,497.203,58.201506,64,32
169,16,256,10,2,8,32,0,437.21028,443.1531,388.4133,503.0007,48.181306,64,32
170,16,256,10,2,6,32,0,443.64356,445.9661,395.654,470.9997,30.858503,64,32
171,16,256,10,2,8,16,0,450.94458,421.5563,416.8377,539.532,52.716041,64,32
172,16,256,12,2,6,8,0,642.79714,637.1001,621.1963,667.6456,18.938662,64,32
173,16,256,12,2,6,16,0,684.25604,642.178,629.1292,843.468,91.09952,64,32
174,16,256,12,2,6,32,0,695.65826,640.9854,630.9586,923.0501,127.199486,64,32
175,16,256,12,2,8,8,0,700.46938,719.3279,636.7986,737.5883,39.727859,64,32
176,16,256,12,2,8,32,0,718.65,704.2828,690.9968,788.2895,40.126918,64,32
177,16,256,12,2,4,8,0,835.8273,843.9366,703.2855,949.069,100.30807,64,32
178,16,256,12,2,4,32,0,840.89566,817.2338,808.2269,911.4682,42.592833,64,32
179,16,256,12,2,8,16,0,848.9708,803.9917,782.9506,961.9129,78.701072,64,32
180,16,256,12,2,4,16,0,862.0595,861.1711,828.5514,899.4507,29.500962,64,32
