rank,n,w,h,d,k,t,t_prime,z,sig_bytes,mean_ms,median_ms,min_ms,max_ms,stdev_ms,sk_bytes,pk_bytes
1,16,4,6,2,4,32,32,2,2428,0.56704,0.567,0.5504,0.5797,0.011094,64,32
2,16,4,10,2,4,16,8,0,2508,0.57686,0.5767,0.5744,0.579,0.001993,64,32
3,16,4,6,2,4,8,8,2,2332,0.58052,0.5503,0.5447,0.6787,0.056804,64,32
4,16,4,12,2,4,8,8,2,2428,0.58176,0.5812,0.5791,0.5848,0.00235,64,32
5,16,4,6,2,4,16,8,2,2380,0.58588,0.5757,0.5752,0.6118,0.015988,64,32
6,16,4,10,2,4,16,16,2,2444,0.5874,0.5877,0.5849,0.5893,0.001591,64,32
7,16,4,6,2,4,16,16,0,2444,0.58952,0.5939,0.578,0.6016,0.01037,64,32
8,16,4,6,2,4,32,8,2,2428,0.59046,0.5766,0.5678,0.6201,0.027154,64,32
9,16,4,10,2,6,16,8,2,2604,0.59302,0.5938,0.5787,0.6058,0.012497,64,32
10,16,4,10,2,6,8,8,2,2524,0.59978,0.5981,0.5919,0.6083,0.006321,64,32
11,16,4,10,2,6,16,16,2,2604,0.60014,0.5992,0.5983,0.6035,0.002035,64,32
12,16,4,10,2,4,32,8,2,2492,0.6004,0.5615,0.5583,0.7618,0.09024,64,32
13,16,4,6,2,4,32,16,0,2492,0.60174,0.6045,0.5875,0.6191,0.012944,64,32
14,16,4,10,2,4,16,16,0,2508,0.602,0.5998,0.5924,0.615,0.009586,64,32
15,16,4,6,2,4,16,16,2,2380,0.60414,0.5941,0.5622,0.6945,0.053283,64,32
16,16,4,6,2,4,32,16,2,2428,0.605,0.5909,0.5809,0.6637,0.03402,64,32
17,16,4,12,2,4,32,16,2,2524,0.61068,0.6051,0.5974,0.6442,0.019019,64,32
18,16,4,10,2,4,32,8,0,2556,0.61106,0.6068,0.6056,0.619,0.00686,64,32
19,16,4,10,2,4,32,16,2,2492,0.61176,0.6107,0.6095,0.6161,0.002571,64,32
20,16,4,12,2,4,32,8,2,2524,0.6127,0.6114,0.6065,0.621,0.006351,64,32
21,16,4,6,2,4,32,8,0,2492,0.61512,0.6113,0.6033,0.6279,0.011665,64,32
22,16,4,6,2,6,8,8,0,2524,0.61518,0.6141,0.6039,0.6283,0.009167,64,32
23,16,4,6,2,6,32,16,2,2620,0.62002,0.6203,0.6142,0.6246,0.003833,64,32
24,16,4,10,2,4,32,32,2,2492,0.62256,0.6252,0.6094,0.6335,0.008924,64,32
25,16,4,10,2,8,16,16,2,2764,0.62552,0.6219,0.6095,0.6498,0.014838,64,32
26,16,4,12,2,4,32,16,0,2588,0.6256,0.643,0.573,0.6672,0.041987,64,32
27,16,4,10,2,8,32,32,2,2876,0.628,0.6243,0.6231,0.6364,0.005922,64,32
28,16,4,6,2,6,16,16,2,2540,0.63122,0.6276,0.6228,0.6526,0.012161,64,32
29,16,4,6,2,6,32,8,2,2620,0.63346,0.6241,0.6178,0.6578,0.018873,64,32
30,16,4,6,2,6,16,8,2,2540,0.6344,0.6284,0.6219,0.6532,0.014416,64,32
31,16,4,10,2,8,16,8,2,2764,0.63474,0.626,0.6253,0.6697,0.019557,64,32
32,16,4,12,2,4,16,8,0,2540,0.63618,0.6366,0.6344,0.6386,0.001795,64,32
33,16,4,12,2,4,32,32,0,2588,0.63684,0.6322,0.613,0.6728,0.022508,64,32
34,16,4,12,2,4,8,8,0,2492,0.63718,0.6118,0.6091,0.6957,0.038941,64,32
35,16,4,12,2,4,16,16,0,2540,0.63822,0.6378,0.6337,0.6443,0.004606,64,32
36,16,4,10,2,8,8,8,2,2652,0.63882,0.6277,0.6205,0.6923,0.030149,64,32
37,16,4,6,2,8,8,8,2,2588,0.64148,0.6432,0.6123,0.66,0.017831,64,32
38,16,4,10,2,4,16,8,2,2444,0.64656,0.6483,0.6408,0.6501,0.003916,64,32
39,16,4,6,2,8,16,8,2,2700,0.64746,0.6508,0.634,0.66,0.011817,64,32
40,16,4,6,2,8,32,32,2,2812,0.64796,0.6327,0.6043,0.7045,0.041303,64,32
41,16,4,6,2,8,32,8,2,2812,0.64846,0.6205,0.6183,0.76,0.062401,64,32
42,16,4,6,2,6,32,16,0,2684,0.65046,0.6356,0.627,0.6804,0.025989,64,32
43,16,4,6,2,8,32,16,2,2812,0.6511,0.6545,0.6368,0.6628,0.010756,64,32
44,16,4,6,2,4,16,8,0,2444,0.65214,0.61,0.6006,0.8159,0.092106,64,32
45,16,4,6,2,6,16,8,0,2604,0.6536,0.6548,0.644,0.6624,0.007914,64,32
46,16,4,10,2,6,8,8,0,2588,0.65422,0.6536,0.6496,0.6605,0.004799,64,32
47,16,4,10,2,4,32,32,0,2556,0.65428,0.6092,0.6011,0.8443,0.10629,64,32
48,16,4,6,2,6,16,16,0,2604,0.65576,0.6542,0.6454,0.6662,0.008438,64,32
49,16,4,6,2,6,32,32,2,2620,0.65786,0.6393,0.6181,0.7691,0.062987,64,32
50,16,4,6,2,8,8,8,0,2652,0.65832,0.64,0.6176,0.7611,0.058799,64,32
51,16,4,12,2,4,16,8,2,2476,0.6596,0.6592,0.6389,0.6823,0.016665,64,32
52,16,4,10,2,4,8,8,2,2396,0.66014,0.6603,0.6555,0.6641,0.003235,64,32
53,16,4,10,2,6,32,8,0,2748,0.6604,0.6475,0.6274,0.7325,0.041873,64,32
54,16,4,10,2,6,32,8,2,2684,0.66164,0.6634,0.6532,0.6727,0.008083,64,32
55,16,4,6,2,8,32,32,0,2876,0.66496,0.6738,0.6411,0.6749,0.014737,64,32
56,16,4,6,2,8,32,8,0,2876,0.67542,0.6764,0.6643,0.6839,0.007089,64,32
57,16,4,10,2,6,32,16,2,2684,0.67716,0.6772,0.6559,0.6969,0.015103,64,32
58,16,4,6,2,6,32,8,0,2684,0.67942,0.6584,0.6461,0.7391,0.040762,64,32
59,16,4,10,2,8,16,8,0,2828,0.68044,0.6815,0.6719,0.6881,0.006564,64,32
60,16,4,10,2,6,16,8,0,2668,0.6847,0.6898,0.6618,0.7022,0.015064,64,32
61,16,4,6,2,4,32,32,0,2492,0.68496,0.6124,0.5908,0.9561,0.154977,64,32
62,16,4,6,2,4,8,8,0,2396,0.68592,0.6357,0.6152,0.9077,0.124342,64,32
63,16,4,10,2,8,32,16,2,2876,0.68828,0.6673,0.6651,0.7724,0.047084,64,32
64,16,4,6,2,6,32,32,0,2684,0.69266,0.6617,0.6462,0.8372,0.081455,64,32
65,16,4,10,2,8,32,16,0,2940,0.69358,0.6828,0.6604,0.7388,0.034217,64,32
66,16,4,10,2,6,32,32,0,2748,0.70792,0.6771,0.6592,0.8544,0.082328,64,32
67,16,4,6,2,6,8,8,2,2460,0.70818,0.6812,0.6368,0.8227,0.079664,64,32
68,16,4,12,2,8,16,16,2,2796,0.71042,0.6809,0.6153,0.8163,0.0831,64,32
69,16,4,10,2,8,32,32,0,2940,0.7166,0.715,0.7103,0.7238,0.005533,64,32
70,16,4,12,2,8,32,32,0,2972,0.71742,0.7022,0.6806,0.7606,0.039345,64,32
71,16,4,12,2,8,32,16,2,2908,0.71794,0.72,0.7056,0.7359,0.012124,64,32
72,16,4,10,2,8,32,8,0,2940,0.71978,0.7224,0.7004,0.7318,0.013146,64,32
73,16,4,10,2,6,32,32,2,2684,0.72708,0.727,0.7171,0.7423,0.01042,64,32
74,16,4,10,2,6,32,16,0,2748,0.72776,0.698,0.6796,0.8553,0.073326,64,32
75,16,4,10,2,8,8,8,0,2716,0.7352,0.714,0.6957,0.8142,0.047433,64,32
76,16,4,12,2,8,32,16,0,2972,0.74104,0.7336,0.7225,0.7723,0.019325,64,32
77,16,4,12,2,6,32,16,2,2716,0.7503,0.7302,0.7033,0.8609,0.062885,64,32
78,16,4,10,2,8,16,16,0,2828,0.7525,0.6606,0.651,1.1344,0.21355,64,32
79,16,4,10,2,8,32,8,2,2876,0.7592,0.6916,0.6684,0.9759,0.130902,64,32
80,16,4,6,2,8,16,16,2,2700,0.7616,0.6693,0.6518,1.0446,0.167248,64,32
81,16,4,12,2,8,32,8,2,2908,0.76374,0.741,0.7169,0.8758,0.063684,64,32
82,16,4,6,2,8,16,16,0,2764,0.77074,0.7431,0.7095,0.9288,0.089577,64,32
83,16,4,6,3,4,16,16,2,3376,0.77586,0.7639,0.7496,0.8368,0.035139,64,32
84,16,4,12,2,6,32,8,2,2716,0.7806,0.7672,0.6391,0.9307,0.135048,64,32
85,16,4,12,2,8,32,32,2,2908,0.78154,0.7642,0.7471,0.8672,0.048507,64,32
86,16,4,6,3,4,32,32,2,3424,0.78192,0.7813,0.7765,0.7872,0.004111,64,32
87,16,4,12,2,6,32,32,2,2716,0.78194,0.7127,0.6542,1.0674,0.170982,64,32
88,16,4,12,2,6,16,8,0,2700,0.79134,0.793,0.6772,0.8954,0.077727,64,32
89,16,4,12,2,8,16,8,2,2796,0.7999,0.6951,0.6774,1.0385,0.163309,64,32
90,16,4,12,3,6,32,16,2,3712,0.80044,0.8032,0.7928,0.8089,0.007169,64,32
91,16,4,6,3,4,32,8,2,3424,0.80456,0.8018,0.7996,0.8163,0.006877,64,32
92,16,4,6,3,6,8,8,2,3456,0.80784,0.7973,0.7858,0.8544,0.026904,64,32
93,16,4,6,2,8,32,16,0,2876,0.80812,0.7431,0.6453,1.2016,0.227149,64,32
94,16,4,6,3,4,16,8,0,3472,0.81602,0.8136,0.8058,0.8296,0.010077,64,32
95,16,4,6,3,4,8,8,2,3328,0.8236,0.808,0.7927,0.8763,0.03513,64,32
96,16,4,6,3,6,32,8,2,3616,0.83418,0.8268,0.8104,0.8596,0.019509,64,32
97,16,4,12,3,6,16,16,2,3632,0.8346,0.8259,0.8132,0.8836,0.028193,64,32
98,16,4,6,3,4,8,8,0,3424,0.8396,0.8012,0.7944,0.9779,0.078412,64,32
99,16,4,6,3,6,32,32,2,3616,0.847,0.829,0.8111,0.9157,0.042889,64,32
100,16,4,12,3,6,16,8,2,3632,0.84752,0.8476,0.8378,0.8589,0.00756,64,32
101,16,4,6,3,6,16,8,2,3536,0.84796,0.8491,0.8263,0.8652,0.013916,64,32
102,16,4,6,3,6,8,8,0,3552,0.85496,0.8541,0.8454,0.8668,0.007936,64,32
103,16,4,12,3,6,32,8,2,3712,0.85564,0.8562,0.8501,0.8619,0.004313,64,32
104,16,4,6,3,6,32,16,2,3616,0.85642,0.851,0.8484,0.8713,0.010074,64,32
105,16,4,12,3,6,32,32,2,3712,0.86244,0.8324,0.803,0.9708,0.066033,64,32
106,16,4,10,2,4,32,16,0,2556,0.86688,0.8746,0.7948,0.9256,0.049873,64,32
107,16,4,12,3,4,8,8,2,3424,0.87002,0.8631,0.8453,0.8978,0.025948,64,32
108,16,4,6,3,4,32,8,0,3520,0.87402,0.8155,0.8122,1.1116,0.132823,64,32
109,16,4,6,3,4,16,8,2,3376,0.87634,0.8333,0.789,1.1041,0.128784,64,32
110,16,4,6,3,8,32,32,0,3904,0.8793,0.8752,0.8669,0.8977,0.012296,64,32
111,16,4,12,3,4,32,32,0,3616,0.88128,0.8755,0.8671,0.9033,0.013861,64,32
112,16,4,6,3,8,32,16,2,3808,0.88374,0.8762,0.8627,0.9079,0.018501,64,32
113,16,4,6,3,4,32,32,0,3520,0.88694,0.8965,0.8394,0.9207,0.033981,64,32
114,16,4,12,2,8,16,16,0,2860,0.8874,0.861,0.8102,1.0288,0.083153,64,32
115,16,4,6,3,6,16,16,2,3536,0.888,0.8809,0.8422,0.967,0.050012,64,32
116,16,4,12,3,8,32,16,2,3904,0.88828,0.8588,0.8399,0.9564,0.051908,64,32
117,16,4,6,3,4,32,16,2,3424,0.8895,0.8611,0.8544,1.0033,0.063924,64,32
118,16,4,12,3,8,16,16,0,3888,0.88978,0.89,0.8821,0.8977,0.005807,64,32
119,16,4,6,3,6,32,16,0,3712,0.89012,0.8908,0.8693,0.9282,0.023744,64,32
120,16,4,6,3,6,32,8,0,3712,0.89096,0.8859,0.8814,0.9129,0.013072,64,32
121,16,4,12,2,4,32,8,0,2588,0.89104,0.9049,0.613,1.1835,0.267368,64,32
122,16,4,6,3,8,8,8,2,3584,0.89322,0.855,0.8432,1.0574,0.092016,64,32
123,16,4,12,3,4,32,32,2,3520,0.89352,0.8619,0.8389,1.0308,0.079132,64,32
124,16,4,12,3,4,16,8,2,3472,0.89502,0.9133,0.8403,0.9516,0.050012,64,32
125,16,4,6,3,8,8,8,0,3680,0.89544,0.8722,0.8451,1.024,0.073522,64,32
126,16,4,6,3,8,16,8,2,3696,0.8967,0.8932,0.8796,0.9171,0.017832,64,32
127,16,4,12,2,8,32,8,0,2972,0.89802,0.9077,0.7202,1.0968,0.140168,64,32
128,16,4,6,3,6,32,32,0,3712,0.89862,0.892,0.8901,0.9195,0.012298,64,32
129,16,4,12,3,6,32,32,0,3808,0.89864,0.9008,0.887,0.906,0.007916,64,32
130,16,4,12,3,8,8,8,0,3776,0.90192,0.8688,0.8619,1.012,0.063717,64,32
131,16,4,6,3,6,16,8,0,3632,0.9037,0.8849,0.8519,1.0156,0.064617,64,32
132,16,4,6,3,8,32,8,2,3808,0.9048,0.858,0.8434,1.0936,0.106725,64,32
133,16,4,12,3,4,32,8,2,3520,0.90518,0.9058,0.8687,0.941,0.02687,64,32
134,16,4,12,3,4,16,16,2,3472,0.90792,0.9055,0.8773,0.9486,0.030778,64,32
135,16,4,6,3,8,32,8,0,3904,0.91056,0.8994,0.8864,0.9537,0.027654,64,32
136,16,4,12,3,6,16,8,0,3728,0.91996,0.9006,0.8506,1.0919,0.099244,64,32
137,16,4,12,3,6,32,16,0,3808,0.92128,0.9175,0.9072,0.933,0.010818,64,32
138,16,4,6,3,4,16,16,0,3472,0.92662,0.8418,0.8246,1.2577,0.185821,64,32
139,16,4,12,3,4,16,8,0,3568,0.92738,0.8629,0.8244,1.1234,0.123651,64,32
140,16,4,6,3,8,32,16,0,3904,0.92846,0.8998,0.8685,1.0434,0.073261,64,32
141,16,4,12,3,4,32,8,0,3616,0.92882,0.9131,0.8964,1.0076,0.044661,64,32
142,16,4,12,3,4,16,16,0,3568,0.93214,0.921,0.9032,0.9923,0.03562,64,32
143,16,4,12,3,8,8,8,2,3680,0.93468,0.9006,0.8766,1.0037,0.060242,64,32
144,16,4,12,3,8,32,32,0,4000,0.93774,0.9378,0.9213,0.9465,0.010172,64,32
145,16,16,12,2,6,16,16,2,1612,0.93976,0.9377,0.9346,0.9469,0.005655,64,32
146,16,4,12,3,4,32,16,0,3616,0.95284,0.8331,0.8297,1.2514,0.185775,64,32
147,16,4,12,3,8,32,32,2,3904,0.9529,0.9539,0.9453,0.9575,0.004561,64,32
148,16,4,12,3,4,8,8,0,3520,0.9537,0.9152,0.8825,1.1149,0.095903,64,32
149,16,4,6,3,4,32,16,0,3520,0.9553,0.8958,0.8903,1.2025,0.138214,64,32
150,16,4,6,2,8,16,8,0,2764,0.9605,1.0216,0.6645,1.0625,0.166366,64,32
151,16,4,10,2,4,8,8,0,2460,0.966,0.9582,0.6409,1.3532,0.318779,64,32
152,16,16,10,2,4,32,8,2,1468,0.96946,0.9656,0.9604,0.9866,0.010081,64,32
153,16,4,6,3,8,16,8,0,3792,0.96986,0.923,0.8961,1.1622,0.10893,64,32
154,16,4,6,3,8,16,16,2,3696,0.97004,0.9492,0.8862,1.125,0.090817,64,32
155,16,4,12,3,6,32,8,0,3808,0.97996,0.9308,0.9115,1.1858,0.115652,64,32
156,16,4,12,3,4,32,16,2,3520,0.99756,0.92,0.887,1.2254,0.145904,64,32
157,16,16,12,2,4,32,16,2,1500,0.9978,0.9961,0.9953,1.0011,0.003028,64,32
158,16,4,12,3,8,16,8,2,3792,1.00114,0.9384,0.8983,1.2986,0.167997,64,32
159,16,16,6,2,4,8,8,2,1308,1.00234,0.9968,0.9901,1.0156,0.011229,64,32
160,16,4,12,3,8,16,8,0,3888,1.00258,0.9873,0.9765,1.0406,0.031068,64,32
161,16,4,6,3,8,32,32,2,3808,1.0071,0.9675,0.9341,1.1321,0.08566,64,32
162,16,16,12,2,8,8,8,2,1660,1.01052,1.0145,0.9925,1.0251,0.014819,64,32
163,16,16,10,2,4,32,16,2,1468,1.01076,0.9669,0.9643,1.1676,0.088355,64,32
164,16,16,6,2,4,16,8,2,1356,1.01122,1.0065,0.9855,1.0462,0.022232,64,32
165,16,16,12,2,8,32,16,2,1884,1.01256,1.0148,0.9981,1.0241,0.010331,64,32
166,16,16,12,2,4,16,16,2,1452,1.01378,1.0172,0.9999,1.021,0.0082,64,32
167,16,16,6,2,6,16,8,2,1516,1.01572,1.022,0.9824,1.0451,0.031105,64,32
168,16,4,12,2,6,16,8,2,2636,1.02574,1.0424,0.8774,1.1457,0.098221,64,32
169,16,16,10,2,8,16,16,2,1740,1.0269,1.0229,1.0113,1.0474,0.014116,64,32
170,16,16,6,2,4,16,16,2,1356,1.02952,1.034,1.0157,1.0396,0.009984,64,32
171,16,4,10,2,6,16,16,0,2668,1.03088,0.9399,0.6442,1.6971,0.393551,64,32
172,16,4,12,3,8,32,8,2,3904,1.03096,1.0367,0.9768,1.1009,0.050632,64,32
173,16,16,12,2,6,32,8,2,1692,1.03274,1.0334,1.028,1.0355,0.002801,64,32
174,16,16,12,2,6,8,8,2,1532,1.0375,1.0149,0.976,1.1723,0.078505,64,32
175,16,16,12,2,8,32,32,2,1884,1.04182,1.0387,1.0364,1.0566,0.008323,64,32
176,16,16,10,2,4,16,8,2,1420,1.04388,1.0409,1.0358,1.0627,0.010818,64,32
177,16,16,12,2,8,16,16,2,1772,1.04542,1.0472,1.0155,1.0763,0.025182,64,32
178,16,4,6,3,6,16,16,0,3632,1.05018,0.9684,0.9142,1.2626,0.159523,64,32
179,16,4,12,2,4,16,16,2,2476,1.05262,1.0705,0.8481,1.2528,0.162098,64,32
180,16,16,6,2,6,32,8,2,1596,1.05708,1.0581,1.0508,1.062,0.00498,64,32
181,16,16,6,2,8,16,16,2,1676,1.05898,1.0645,1.0472,1.0659,0.00882,64,32
182,16,16,10,2,4,8,8,2,1372,1.06362,1.0466,1.0453,1.1318,0.038133,64,32
183,16,16,6,2,6,16,16,0,1580,1.07172,1.0683,1.0528,1.0972,0.017421,64,32
184,16,16,10,2,6,8,8,2,1500,1.07232,1.0614,0.9888,1.2105,0.085255,64,32
185,16,16,12,2,4,32,32,2,1500,1.07492,0.9934,0.966,1.2409,0.128936,64,32
186,16,16,12,2,8,32,8,2,1884,1.0771,1.0654,0.9786,1.2525,0.106809,64,32
187,16,4,12,3,6,8,8,2,3552,1.07914,1.087,0.9688,1.1822,0.078505,64,32
188,16,16,12,2,6,32,32,2,1692,1.07992,1.0059,1.0007,1.3717,0.163304,64,32
189,16,16,6,2,4,32,32,2,1404,1.08422,1.0454,1.0321,1.193,0.069499,64,32
190,16,16,12,2,4,32,8,2,1500,1.08624,1.0138,0.9965,1.2926,0.127818,64,32
191,16,4,12,2,8,16,8,0,2860,1.08864,1.1014,1.0163,1.1534,0.058559,64,32
192,16,16,10,2,4,16,8,0,1484,1.09138,1.0853,1.0749,1.1192,0.01727,64,32
193,16,16,12,2,6,32,8,0,1756,1.09404,1.0954,1.0892,1.0961,0.00288,64,32
194,16,16,10,2,4,32,32,2,1468,1.0994,1.0978,1.0938,1.1123,0.0075,64,32
195,16,4,12,3,6,8,8,0,3648,1.10598,0.8803,0.8634,1.9675,0.483048,64,32
196,16,16,12,2,4,32,32,0,1564,1.10708,1.1066,1.1006,1.1166,0.005876,64,32
197,16,16,10,2,6,16,16,2,1580,1.10724,1.0638,1.023,1.2731,0.098808,64,32
198,16,4,12,3,8,16,16,2,3792,1.10792,0.9807,0.927,1.6751,0.318792,64,32
199,16,16,10,2,4,16,16,0,1484,1.1131,1.0749,1.0671,1.2626,0.084084,64,32
200,16,16,10,2,6,32,8,2,1660,1.11372,1.091,1.0537,1.2152,0.061591,64,32
201,16,4,12,3,8,32,8,0,4000,1.11476,1.1098,1.0711,1.1839,0.042664,64,32
202,16,16,12,2,6,32,16,2,1692,1.11752,1.1238,1.0952,1.1341,0.016828,64,32
203,16,4,12,2,6,32,16,0,2780,1.11868,1.1196,1.0255,1.1767,0.058898,64,32
204,16,16,12,2,6,16,8,0,1676,1.11874,1.1025,1.0712,1.1909,0.045572,64,32
205,16,16,10,2,6,16,8,0,1644,1.11892,1.1172,1.1015,1.1442,0.015717,64,32
206,16,16,6,2,4,32,16,2,1404,1.1194,1.1172,1.111,1.1312,0.007679,64,32
207,16,16,10,2,4,16,16,2,1420,1.122,1.1154,1.1142,1.1499,0.015607,64,32
208,16,16,6,2,8,8,8,2,1564,1.12336,1.0344,1.0277,1.4568,0.187027,64,32
209,16,16,6,2,8,32,16,2,1788,1.12852,1.1273,1.1192,1.1435,0.009528,64,32
210,16,16,10,2,6,16,8,2,1580,1.12854,1.1242,1.1039,1.1671,0.026076,64,32
211,16,16,10,2,4,8,8,0,1436,1.13096,1.1364,1.1044,1.1443,0.016329,64,32
212,16,16,12,2,8,32,8,0,1948,1.13158,1.1068,1.0898,1.1898,0.048184,64,32
213,16,16,12,2,6,32,16,0,1756,1.1332,1.1298,1.1191,1.1503,0.012373,64,32
214,16,16,6,2,8,16,8,2,1676,1.13534,1.1329,1.1302,1.1456,0.006024,64,32
215,16,16,10,2,8,16,8,2,1740,1.1361,1.1229,1.1208,1.1663,0.020716,64,32
216,16,16,10,2,6,32,32,2,1660,1.14756,1.1462,1.1395,1.1537,0.005827,64,32
217,16,4,12,2,8,8,8,0,2748,1.14848,1.1868,0.7125,1.6128,0.330708,64,32
218,16,16,10,2,8,16,16,0,1804,1.15054,1.1,1.074,1.3793,0.128392,64,32
219,16,16,10,2,6,32,16,2,1660,1.15064,1.1089,1.091,1.3154,0.094745,64,32
220,16,4,12,2,6,16,16,2,2636,1.15322,1.3177,0.7526,1.4978,0.37065,64,32
221,16,16,6,2,6,32,16,2,1596,1.15336,1.1363,1.1212,1.2251,0.042935,64,32
222,16,16,6,2,4,16,16,0,1420,1.15666,1.144,1.0948,1.289,0.079235,64,32
223,16,4,12,2,6,32,32,0,2780,1.15766,0.801,0.7673,1.8317,0.524029,64,32
224,16,16,6,2,4,16,8,0,1420,1.16098,1.1618,1.1583,1.1624,0.001677,64,32
225,16,16,6,2,8,16,8,0,1740,1.16816,1.1652,1.154,1.182,0.012993,64,32
226,16,4,12,3,8,32,16,0,4000,1.16834,0.9595,0.917,1.6014,0.323842,64,32
227,16,16,6,2,4,32,8,2,1404,1.16844,1.1481,1.1409,1.2541,0.048039,64,32
228,16,16,6,2,8,16,16,0,1740,1.17312,1.1821,1.1184,1.2334,0.045521,64,32
229,16,16,12,2,8,16,16,0,1836,1.17326,1.1706,1.1654,1.191,0.010537,64,32
230,16,16,6,2,6,32,16,0,1660,1.17726,1.1177,1.1116,1.3739,0.112299,64,32
231,16,4,12,2,6,32,8,0,2780,1.18004,1.1766,1.167,1.1935,0.012279,64,32
232,16,16,12,2,8,16,8,2,1772,1.18268,1.1973,1.0805,1.3028,0.088664,64,32
233,16,16,10,2,4,32,32,0,1532,1.18376,1.1727,1.1533,1.2379,0.0326,64,32
234,16,16,10,2,6,16,16,0,1644,1.18394,1.1584,1.1489,1.2906,0.060152,64,32
235,16,16,12,2,6,16,16,0,1676,1.18984,1.1847,1.1458,1.2451,0.040743,64,32
236,16,16,10,2,6,32,32,0,1724,1.19034,1.1644,1.1189,1.3327,0.082433,64,32
237,16,16,6,2,4,32,8,0,1468,1.20096,1.157,1.1365,1.3307,0.084615,64,32
238,16,16,12,2,6,16,8,2,1612,1.20152,1.0882,1.0205,1.4321,0.207698,64,32
239,16,16,12,2,6,32,32,0,1756,1.2035,1.2023,1.192,1.2189,0.011799,64,32
240,16,16,6,2,8,32,8,2,1788,1.20912,1.1674,1.1562,1.3927,0.102828,64,32
241,16,16,10,2,6,32,8,0,1724,1.21618,1.1962,1.1858,1.3038,0.049373,64,32
242,16,16,10,2,8,8,8,0,1692,1.22102,1.2054,1.1894,1.2993,0.044519,64,32
243,16,16,6,2,6,8,8,0,1500,1.22928,1.2381,1.1803,1.2719,0.044826,64,32
244,16,16,6,2,8,32,16,0,1852,1.23156,1.2293,1.2178,1.2514,0.0131,64,32
245,16,16,10,2,8,32,32,0,1916,1.23662,1.1787,1.1672,1.4619,0.126611,64,32
246,16,16,10,2,8,16,8,0,1804,1.23846,1.1684,1.0987,1.5149,0.174334,64,32
247,16,4,12,2,6,8,8,2,2556,1.2429,1.4481,0.6865,1.4792,0.343472,64,32
248,16,16,12,2,8,32,16,0,1948,1.2431,1.2407,1.2351,1.2517,0.007251,64,32
249,16,4,12,3,6,16,16,0,3728,1.24388,1.24,1.1703,1.3282,0.056085,64,32
250,16,16,10,2,8,8,8,2,1628,1.2446,1.2828,1.0228,1.5865,0.231901,64,32
251,16,16,12,2,8,16,8,0,1836,1.2451,1.2221,1.2118,1.3136,0.042142,64,32
252,16,16,10,2,4,32,8,0,1532,1.2459,1.194,1.1792,1.4502,0.115403,64,32
253,16,16,6,2,6,16,8,0,1580,1.24624,1.2456,1.1613,1.3611,0.080276,64,32
254,16,16,12,2,8,8,8,0,1724,1.24738,1.2514,1.226,1.271,0.017323,64,32
255,16,16,6,2,8,32,32,0,1852,1.25068,1.2654,1.1999,1.2965,0.040035,64,32
256,16,16,6,2,6,16,16,2,1516,1.25098,1.1886,1.1455,1.5581,0.172726,64,32
257,16,16,6,2,6,32,32,2,1596,1.25992,1.1625,1.1508,1.603,0.19411,64,32
258,16,16,6,2,6,32,32,0,1660,1.26026,1.229,1.2212,1.3824,0.068666,64,32
259,16,16,6,2,4,8,8,0,1372,1.2647,1.1589,1.1259,1.7238,0.257201,64,32
260,16,16,12,2,4,32,8,0,1564,1.26824,1.2535,1.2265,1.3145,0.040864,64,32
261,16,16,6,2,6,32,8,0,1660,1.27466,1.2294,1.2108,1.3907,0.077363,64,32
262,16,16,12,2,4,16,16,0,1516,1.2899,1.2895,1.2592,1.345,0.03445,64,32
263,16,16,12,2,4,32,16,0,1564,1.29002,1.2948,1.2071,1.3829,0.070359,64,32
264,16,16,12,2,6,8,8,0,1596,1.30312,1.2771,1.272,1.4127,0.061313,64,32
265,16,16,10,2,6,32,16,0,1724,1.30412,1.2569,1.1911,1.5473,0.144358,64,32
266,16,16,6,2,6,8,8,2,1436,1.3052,1.3509,1.0155,1.705,0.278054,64,32
267,16,4,12,2,6,16,16,0,2700,1.30656,1.3136,1.2437,1.3543,0.042511,64,32
268,16,16,6,2,8,32,32,2,1788,1.32254,1.1811,1.092,1.9589,0.362865,64,32
269,16,4,12,2,6,8,8,0,2620,1.32766,1.339,1.253,1.3756,0.04514,64,32
270,16,16,10,2,6,8,8,0,1564,1.32772,1.2804,1.2523,1.4712,0.088981,64,32
271,16,16,10,2,8,32,8,2,1852,1.34036,1.3475,1.1324,1.6766,0.223565,64,32
272,16,16,6,2,4,32,32,0,1468,1.34536,1.2645,1.2024,1.6527,0.182618,64,32
273,16,16,6,3,4,8,8,2,1792,1.35466,1.3348,1.3297,1.4053,0.032681,64,32
274,16,16,6,2,8,8,8,0,1628,1.37036,1.3256,1.1484,1.6122,0.231516,64,32
275,16,16,6,2,4,32,16,0,1468,1.3859,1.4164,1.1331,1.5932,0.205867,64,32
276,16,16,12,3,6,32,16,2,2176,1.38736,1.3662,1.3598,1.4481,0.037137,64,32
277,16,4,12,2,4,32,32,2,2524,1.39218,1.3734,1.2385,1.5394,0.129596,64,32
278,16,16,6,3,6,8,8,2,1920,1.40606,1.3988,1.3851,1.4534,0.027543,64,32
279,16,16,6,3,4,32,16,2,1888,1.42234,1.399,1.3901,1.4988,0.045029,64,32
280,16,16,10,2,8,32,8,0,1916,1.42916,1.3931,1.3572,1.5045,0.069881,64,32
281,16,16,12,2,8,32,32,0,1948,1.44158,1.3312,1.3049,1.7348,0.184157,64,32
282,16,16,12,3,4,16,16,0,2032,1.44648,1.4286,1.3793,1.5383,0.067029,64,32
283,16,16,12,3,8,8,8,2,2144,1.44668,1.445,1.4093,1.4795,0.028743,64,32
284,16,16,6,2,8,32,8,0,1852,1.4471,1.5677,1.1192,1.7936,0.29348,64,32
285,16,16,12,3,8,32,16,2,2368,1.45224,1.4563,1.4381,1.4654,0.013293,64,32
286,16,16,10,2,8,32,32,2,1852,1.45256,1.4653,1.2489,1.5467,0.121163,64,32
287,16,16,12,3,8,16,16,2,2256,1.45654,1.459,1.4442,1.4701,0.010741,64,32
288,16,16,12,3,6,32,8,2,2176,1.46582,1.4675,1.4433,1.4891,0.019752,64,32
289,16,16,12,3,4,8,8,2,1888,1.46658,1.3656,1.3438,1.7011,0.163633,64,32
290,16,16,12,3,6,16,8,2,2096,1.49298,1.4945,1.4615,1.5375,0.032062,64,32
291,16,16,6,3,6,16,8,2,2000,1.4969,1.4557,1.4406,1.6281,0.078038,64,32
292,16,16,12,3,8,32,8,2,2368,1.51078,1.5296,1.4691,1.5448,0.034805,64,32
293,16,16,6,3,8,16,16,2,2160,1.51478,1.4754,1.473,1.6722,0.088038,64,32
294,16,16,6,3,4,32,8,2,1888,1.51912,1.5196,1.5122,1.5252,0.004719,64,32
295,16,16,12,3,8,16,8,2,2256,1.52508,1.5017,1.4954,1.6261,0.056584,64,32
296,16,4,6,3,8,16,16,0,3792,1.53478,0.9611,0.9512,3.8453,1.29163,64,32
297,16,16,12,2,4,8,8,2,1404,1.53794,1.5398,1.5012,1.5735,0.025817,64,32
298,16,16,6,3,6,16,8,0,2096,1.54622,1.5422,1.5377,1.557,0.008765,64,32
299,16,16,10,2,8,32,16,2,1852,1.54924,1.5197,1.4242,1.8042,0.154121,64,32
300,16,16,6,3,4,32,32,2,1888,1.55222,1.53,1.5174,1.6489,0.054434,64,32
301,16,16,6,3,8,32,16,2,2272,1.55858,1.5311,1.5214,1.6205,0.045166,64,32
302,16,16,6,3,6,32,16,2,2080,1.55898,1.5432,1.5213,1.6498,0.051581,64,32
303,16,16,6,3,4,16,16,2,1840,1.56566,1.5244,1.5056,1.7366,0.097573,64,32
304,16,16,12,3,4,16,16,2,1936,1.57242,1.5329,1.4803,1.6905,0.084383,64,32
305,16,16,6,3,6,32,8,0,2176,1.58246,1.5755,1.5164,1.6551,0.063771,64,32
306,16,16,12,3,4,8,8,0,1984,1.58336,1.5708,1.5586,1.6176,0.024484,64,32
307,16,16,12,2,4,8,8,0,1468,1.58538,1.8386,1.1293,1.9607,0.41722,64,32
308,16,16,6,3,6,16,16,2,2000,1.58704,1.567,1.5442,1.6932,0.060141,64,32
309,16,16,12,3,6,32,32,2,2176,1.5956,1.6073,1.5407,1.6543,0.044503,64,32
310,16,16,6,3,4,16,16,0,1936,1.5998,1.5948,1.5909,1.6107,0.008869,64,32
311,16,16,6,3,8,16,8,2,2160,1.6076,1.608,1.5651,1.6521,0.038926,64,32
312,16,16,12,3,4,32,16,0,2080,1.61106,1.6021,1.5702,1.6784,0.044959,64,32
313,16,16,12,3,6,16,16,2,2096,1.61128,1.5891,1.5497,1.7019,0.06063,64,32
314,16,4,12,2,8,8,8,2,2684,1.61328,1.5948,0.8744,2.6706,0.748548,64,32
315,16,16,10,2,4,32,16,0,1532,1.61912,1.7611,1.1629,1.9783,0.358838,64,32
316,16,16,12,3,8,32,32,2,2368,1.62418,1.5905,1.5721,1.7378,0.068808,64,32
317,16,16,6,3,8,32,32,2,2272,1.62556,1.6101,1.5762,1.6918,0.043818,64,32
318,16,16,6,3,8,16,8,0,2256,1.63118,1.608,1.5594,1.8091,0.102348,64,32
319,16,16,6,3,4,16,8,0,1936,1.63394,1.6242,1.5812,1.7353,0.061356,64,32
320,16,16,12,3,8,32,16,0,2464,1.64754,1.6374,1.6204,1.6871,0.029085,64,32
321,16,16,6,3,4,16,8,2,1840,1.64896,1.6813,1.472,1.822,0.153038,64,32
322,16,16,6,3,6,32,32,0,2176,1.65164,1.5941,1.5859,1.8931,0.135072,64,32
323,16,16,6,3,4,32,32,0,1984,1.6603,1.661,1.6459,1.6738,0.011787,64,32
324,16,16,6,3,6,32,8,2,2080,1.6649,1.6594,1.6542,1.6927,0.015896,64,32
325,16,16,6,3,8,16,16,0,2256,1.6672,1.6555,1.6511,1.7203,0.02979,64,32
326,16,16,12,3,6,32,8,0,2272,1.6746,1.6524,1.6198,1.7995,0.071183,64,32
327,16,16,6,3,8,8,8,2,2048,1.6833,1.6974,1.6529,1.7121,0.027767,64,32
328,16,16,12,3,6,16,16,0,2192,1.70766,1.6917,1.6632,1.7767,0.044867,64,32
329,16,16,12,3,8,32,32,0,2464,1.70966,1.5879,1.5525,2.0667,0.220798,64,32
330,16,16,6,3,4,32,16,0,1984,1.71696,1.5897,1.5673,2.1513,0.24762,64,32
331,16,16,12,3,8,8,8,0,2240,1.72134,1.6971,1.6743,1.782,0.046035,64,32
332,16,16,6,3,8,32,8,0,2368,1.72696,1.7223,1.6784,1.778,0.036899,64,32
333,16,16,12,3,6,32,32,0,2272,1.73316,1.7146,1.712,1.7963,0.0359,64,32
334,16,16,6,3,8,8,8,0,2144,1.74994,1.6244,1.6021,2.2001,0.254429,64,32
335,16,16,6,3,8,32,16,0,2368,1.75794,1.7505,1.6832,1.8187,0.058394,64,32
336,16,16,6,3,6,8,8,0,2016,1.7581,1.8116,1.6083,1.88,0.125334,64,32
337,16,16,12,3,8,16,8,0,2352,1.75968,1.7711,1.7241,1.7899,0.032383,64,32
338,16,16,12,3,8,16,16,0,2352,1.78052,1.7828,1.7401,1.8049,0.024987,64,32
339,16,16,6,3,8,32,32,0,2368,1.79008,1.8141,1.6596,1.915,0.122087,64,32
340,16,16,12,3,6,32,16,0,2272,1.79064,1.6917,1.6773,2.2039,0.231242,64,32
341,16,16,6,3,4,32,8,0,1984,1.8041,1.7994,1.7848,1.8285,0.020551,64,32
342,16,16,12,3,8,32,8,0,2464,1.80688,1.7757,1.7486,1.9316,0.072454,64,32
343,16,16,12,3,4,32,32,2,1984,1.86604,1.7743,1.4069,2.3476,0.427505,64,32
344,16,16,6,3,8,32,8,2,2272,1.89954,1.7602,1.7139,2.5216,0.348671,64,32
345,16,16,6,3,6,16,16,0,2096,1.9125,1.6872,1.6625,2.2766,0.322292,64,32
346,16,16,6,3,4,8,8,0,1888,1.91694,1.7947,1.7607,2.2595,0.209528,64,32
347,16,16,12,3,4,32,8,2,1984,1.92058,1.6267,1.5887,2.5256,0.444025,64,32
348,16,16,12,3,4,32,16,2,1984,1.94424,1.8742,1.6244,2.2625,0.30268,64,32
349,16,16,12,2,4,16,8,0,1516,1.94952,2.1188,1.2374,2.2161,0.41036,64,32
350,16,16,12,3,4,16,8,2,1936,1.9885,1.9116,1.7586,2.5002,0.295884,64,32
351,16,16,10,2,8,32,16,0,1916,2.05734,1.8882,1.4112,3.3202,0.787243,64,32
352,16,16,12,2,4,16,8,2,1452,2.08716,2.0933,1.925,2.2943,0.160435,64,32
353,16,16,12,3,6,8,8,0,2112,2.13266,1.8874,1.7136,2.6821,0.499159,64,32
354,16,64,10,2,4,32,32,2,1148,2.16684,2.1541,2.1403,2.2043,0.027339,64,32
355,16,64,6,2,8,16,16,2,1356,2.19444,2.159,2.15,2.2652,0.0563,64,32
356,16,16,6,3,6,32,32,2,2080,2.21942,2.3996,1.6871,2.6106,0.382177,64,32
357,16,16,12,3,6,8,8,2,2016,2.2485,2.2505,2.2357,2.2581,0.009899,64,32
358,16,64,6,2,4,8,8,2,988,2.2599,2.2595,2.2227,2.3183,0.038355,64,32
359,16,64,10,2,4,16,8,2,1100,2.27012,2.2169,2.1733,2.5599,0.163476,64,32
360,16,64,6,2,4,32,32,2,1084,2.3366,2.3192,2.2716,2.4746,0.080421,64,32
361,16,64,6,2,8,16,8,2,1356,2.34472,2.3423,2.3135,2.3725,0.021408,64,32
362,16,64,6,2,8,32,16,2,1468,2.35062,2.3055,2.245,2.5758,0.129577,64,32
363,16,64,10,2,8,16,8,2,1420,2.3517,2.353,2.2979,2.4425,0.056931,64,32
364,16,64,6,2,6,16,16,2,1196,2.3577,2.3541,2.2779,2.4601,0.068887,64,32
365,16,64,10,2,4,8,8,2,1052,2.3629,2.2897,2.2577,2.6064,0.142689,64,32
366,16,64,6,2,8,32,32,2,1468,2.36398,2.3145,2.3132,2.5592,0.109157,64,32
367,16,16,6,3,6,32,16,0,2176,2.3834,2.7225,1.6012,2.8455,0.570332,64,32
368,16,64,10,2,6,32,16,2,1340,2.38424,2.3811,2.3569,2.4197,0.028044,64,32
369,16,64,6,2,8,32,8,2,1468,2.38652,2.323,2.2762,2.5197,0.118766,64,32
370,16,16,12,3,4,32,32,0,2080,2.42696,2.5922,2.05,2.6077,0.253394,64,32
371,16,64,6,2,4,32,8,2,1084,2.43082,2.3973,2.3884,2.5443,0.065987,64,32
372,16,64,10,2,6,8,8,2,1180,2.43898,2.3667,2.2692,2.7357,0.187909,64,32
373,16,64,10,2,4,16,16,2,1100,2.4417,2.4457,2.398,2.4817,0.030284,64,32
374,16,64,6,2,6,16,8,2,1196,2.44308,2.5089,2.2143,2.6403,0.184968,64,32
375,16,64,6,2,8,8,8,2,1244,2.47402,2.4562,2.3605,2.5692,0.086089,64,32
376,16,64,10,2,8,32,32,2,1532,2.47408,2.4415,2.4254,2.5919,0.067826,64,32
377,16,64,6,2,4,16,8,2,1036,2.47592,2.4725,2.4674,2.491,0.009485,64,32
378,16,64,6,2,6,32,16,2,1276,2.4777,2.4602,2.4573,2.5375,0.034093,64,32
379,16,64,6,2,4,16,16,2,1036,2.48696,2.5074,2.3835,2.5618,0.070478,64,32
380,16,64,6,2,6,32,32,2,1276,2.49104,2.4649,2.4338,2.5544,0.052899,64,32
381,16,16,12,3,4,32,8,0,2080,2.5028,2.6649,1.7768,2.7536,0.408934,64,32
382,16,64,6,2,6,32,8,2,1276,2.51024,2.5019,2.4768,2.5715,0.036905,64,32
383,16,64,6,2,4,32,16,2,1084,2.57742,2.4994,2.4625,2.8632,0.164592,64,32
384,16,64,10,2,4,16,8,0,1164,2.57884,2.5624,2.505,2.6905,0.072146,64,32
385,16,64,12,2,8,32,8,2,1564,2.58,2.5619,2.5263,2.687,0.061881,64,32
386,16,64,12,2,6,32,8,2,1372,2.61048,2.5789,2.5517,2.7869,0.099449,64,32
387,16,64,12,2,8,16,16,2,1452,2.61836,2.4936,2.4588,3.1597,0.303046,64,32
388,16,64,12,2,4,32,32,2,1180,2.6722,2.5422,2.4614,3.2479,0.326623,64,32
389,16,16,12,3,6,16,8,0,2192,2.67978,3.0368,1.8699,3.1983,0.619017,64,32
390,16,64,10,2,6,32,32,2,1340,2.68002,2.5817,2.4647,3.2052,0.304999,64,32
391,16,64,10,2,4,32,8,0,1212,2.69178,2.664,2.583,2.8998,0.128245,64,32
392,16,64,10,2,4,8,8,0,1116,2.69524,2.6457,2.6328,2.87,0.10015,64,32
393,16,64,12,2,6,8,8,2,1212,2.697,2.6111,2.5051,3.0231,0.205611,64,32
394,16,16,12,3,4,16,8,0,2032,2.7135,2.7007,2.5637,2.853,0.112202,64,32
395,16,64,6,2,4,32,32,0,1148,2.75028,2.7401,2.7122,2.7861,0.03377,64,32
396,16,64,10,2,8,32,16,2,1532,2.79508,2.7511,2.5708,2.9811,0.180815,64,32
397,16,64,10,2,8,16,16,2,1420,2.80202,2.8009,2.6909,2.9102,0.078829,64,32
398,16,64,6,2,4,8,8,0,1052,2.80732,2.7701,2.7135,2.92,0.096741,64,32
399,16,64,10,2,6,8,8,0,1244,2.81182,2.7751,2.6601,3.1549,0.202782,64,32
400,16,64,12,2,6,16,8,2,1292,2.81194,2.7805,2.7336,3.0041,0.109329,64,32
401,16,64,6,2,8,32,16,0,1532,2.83544,2.8578,2.7762,2.8956,0.050832,64,32
402,16,64,6,2,6,8,8,2,1116,2.84798,2.6798,2.5269,3.6869,0.474148,64,32
403,16,64,12,2,4,8,8,2,1084,2.8605,2.7946,2.4744,3.2464,0.371807,64,32
404,16,64,6,2,6,32,16,0,1340,2.86052,2.8013,2.7568,3.0785,0.134543,64,32
405,16,64,6,2,4,32,8,0,1148,2.8629,2.8611,2.7849,2.9272,0.051423,64,32
406,16,64,6,2,4,16,8,0,1100,2.87914,2.8303,2.7926,2.996,0.096971,64,32
407,16,64,12,2,8,32,16,2,1564,2.8835,2.8098,2.7972,3.1297,0.14112,64,32
408,16,64,6,2,6,32,32,0,1340,2.89304,2.9064,2.8469,2.9346,0.035302,64,32
409,16,64,10,2,6,16,8,0,1324,2.89572,2.8957,2.8645,2.9299,0.023263,64,32
410,16,64,6,2,6,8,8,0,1180,2.90654,2.8711,2.8651,3.0442,0.077196,64,32
411,16,64,12,2,6,32,16,2,1372,2.92924,2.8651,2.5054,3.5349,0.380614,64,32
412,16,64,6,2,8,8,8,0,1308,2.9431,2.948,2.9006,2.9835,0.031266,64,32
413,16,64,10,2,6,32,32,0,1404,2.96384,2.8388,2.7683,3.4308,0.269199,64,32
414,16,64,10,2,8,32,8,0,1596,2.98438,2.9852,2.8751,3.1273,0.103345,64,32
415,16,64,6,2,8,32,32,0,1532,2.98458,2.9037,2.7981,3.1897,0.166584,64,32
416,16,64,6,2,4,32,16,0,1148,2.9973,2.9688,2.9459,3.1292,0.075783,64,32
417,16,64,6,2,6,16,16,0,1260,3.01262,3.0231,2.9723,3.0664,0.03899,64,32
418,16,64,6,2,6,16,8,0,1260,3.04114,3.068,2.9405,3.1385,0.07929,64,32
419,16,64,10,2,8,32,32,0,1596,3.05292,3.0282,2.9911,3.1482,0.060919,64,32
420,16,64,6,2,8,16,16,0,1420,3.07302,2.8347,2.7419,4.1456,0.601344,64,32
421,16,64,10,2,4,16,16,0,1164,3.08524,2.7896,2.5763,4.489,0.790462,64,32
422,16,64,10,2,6,16,8,2,1260,3.09094,3.1442,2.3998,3.9203,0.564312,64,32
423,16,64,6,2,6,32,8,0,1340,3.0928,3.0494,3.0156,3.2011,0.08017,64,32
424,16,64,10,2,4,32,16,2,1148,3.09696,2.4824,2.4035,4.7912,1.023111,64,32
425,16,64,10,2,4,32,8,2,1148,3.10376,3.0085,2.336,3.8136,0.644092,64,32
426,16,64,6,2,4,16,16,0,1100,3.13558,3.0625,2.9923,3.4731,0.197451,64,32
427,16,64,12,2,6,8,8,0,1276,3.13784,3.0871,2.9351,3.4668,0.198049,64,32
428,16,64,10,2,8,32,8,2,1532,3.14856,2.8488,2.4701,3.9298,0.620117,64,32
429,16,64,12,2,6,16,16,0,1356,3.15158,3.1184,3.0241,3.2858,0.103351,64,32
430,16,64,12,2,8,8,8,2,1340,3.15536,3.0322,2.9411,3.5356,0.262302,64,32
431,16,64,6,2,8,16,8,0,1420,3.16226,3.1377,3.0654,3.3045,0.096103,64,32
432,16,64,12,2,4,8,8,0,1148,3.18734,3.2347,3.0875,3.2615,0.083538,64,32
433,16,64,6,3,8,32,32,2,1792,3.21892,3.2037,3.146,3.349,0.079835,64,32
434,16,64,6,3,6,16,8,2,1520,3.23036,3.1913,3.1782,3.3348,0.067797,64,32
435,16,64,12,2,8,32,8,0,1628,3.2501,3.038,2.8931,3.8437,0.412327,64,32
436,16,64,6,2,8,32,8,0,1532,3.25486,3.2287,3.2261,3.3249,0.043075,64,32
437,16,64,12,2,6,32,32,2,1372,3.25618,2.713,2.5656,4.2559,0.870881,64,32
438,16,64,6,3,4,32,8,2,1408,3.2613,3.1572,3.1409,3.6572,0.22219,64,32
439,16,64,12,2,6,16,16,2,1292,3.2618,2.909,2.7898,4.6296,0.777,64,32
440,16,64,12,2,4,32,16,2,1180,3.26816,2.8893,2.6818,4.4069,0.717345,64,32
441,16,64,6,3,8,32,8,2,1792,3.3199,3.3014,3.212,3.4957,0.109345,64,32
442,16,64,10,2,8,16,8,0,1484,3.3286,3.3203,3.2232,3.43,0.079412,64,32
443,16,64,6,3,8,16,8,2,1680,3.3448,3.3499,3.2666,3.4218,0.063269,64,32
444,16,64,6,3,4,32,32,2,1408,3.37746,3.251,3.1157,3.908,0.322397,64,32
445,16,64,12,2,6,16,8,0,1356,3.38522,3.2924,3.1594,3.7921,0.263855,64,32
446,16,64,6,3,4,16,8,2,1360,3.41884,3.333,3.2382,3.6493,0.20209,64,32
447,16,64,10,2,8,32,16,0,1596,3.42326,3.4524,3.1709,3.7019,0.244159,64,32
448,16,64,6,3,8,8,8,2,1568,3.43458,3.3844,3.2809,3.6726,0.159806,64,32
449,16,64,6,3,8,32,16,2,1792,3.4485,3.452,3.3201,3.6562,0.138604,64,32
450,16,64,12,2,6,32,8,0,1436,3.46392,3.3177,3.3031,3.9557,0.280702,64,32
451,16,64,6,3,8,16,16,2,1680,3.47666,3.4482,3.377,3.6562,0.107862,64,32
452,16,64,6,3,6,8,8,2,1440,3.48406,3.4575,3.36,3.7505,0.156208,64,32
453,16,64,12,2,8,32,16,0,1628,3.51192,3.1514,3.0386,4.5307,0.63222,64,32
454,16,64,6,3,4,16,16,2,1360,3.51384,3.4486,3.3724,3.8556,0.198329,64,32
455,16,64,6,3,6,32,8,2,1600,3.51868,3.5283,3.4544,3.5786,0.046371,64,32
456,16,64,10,2,6,16,16,0,1324,3.53242,3.7203,2.9017,4.1864,0.520882,64,32
457,16,64,6,3,6,32,16,2,1600,3.5379,3.4814,3.3195,3.9418,0.242659,64,32
458,16,64,6,3,4,32,16,2,1408,3.56082,3.5483,3.5288,3.6248,0.037469,64,32
459,16,64,10,2,8,8,8,2,1308,3.59154,3.5089,2.8872,4.501,0.595186,64,32
460,16,64,12,2,6,32,32,0,1436,3.59752,3.4252,3.1359,4.5607,0.568309,64,32
461,16,64,12,2,4,16,16,2,1132,3.6675,3.646,3.4857,3.89,0.14663,64,32
462,16,64,6,3,6,16,16,2,1520,3.69228,3.6746,3.6645,3.7754,0.046839,64,32
463,16,64,10,2,8,8,8,0,1372,3.70332,3.4645,3.0559,4.742,0.71984,64,32
464,16,64,12,2,4,16,8,2,1132,3.74554,4.0308,3.0228,4.1373,0.505453,64,32
465,16,64,6,3,4,8,8,2,1312,3.76598,3.687,3.5204,4.1433,0.272796,64,32
466,16,64,12,2,8,32,32,2,1564,3.7661,3.6251,3.3224,4.6003,0.48725,64,32
467,16,64,12,2,8,16,16,0,1516,3.85012,3.5896,3.4331,4.5945,0.483499,64,32
468,16,64,12,2,6,32,16,0,1436,3.90426,3.7799,3.234,4.6321,0.598416,64,32
469,16,64,12,2,8,8,8,0,1404,3.91384,3.9458,3.2636,4.6304,0.560408,64,32
470,16,64,10,2,4,32,16,0,1212,4.00814,4.1754,3.2531,4.5732,0.538313,64,32
471,16,64,6,3,6,32,32,2,1600,4.05856,3.695,3.666,5.4812,0.796653,64,32
472,16,64,10,2,6,32,16,0,1404,4.05974,3.8291,3.1749,5.2827,0.805788,64,32
473,16,64,6,3,8,32,16,0,1888,4.11256,3.9299,3.7964,5.0281,0.519991,64,32
474,16,64,6,3,4,32,8,0,1504,4.11632,4.0656,3.9424,4.3058,0.155424,64,32
475,16,64,6,3,4,32,16,0,1504,4.12156,4.1191,4.0243,4.2534,0.086054,64,32
476,16,64,6,3,4,16,8,0,1456,4.1309,4.0919,3.9799,4.2948,0.13993,64,32
477,16,64,6,3,8,32,32,0,1888,4.15018,4.1189,4.0417,4.3649,0.130471,64,32
478,16,64,6,3,6,8,8,0,1536,4.1931,4.1938,4.0048,4.3353,0.127555,64,32
479,16,64,6,3,6,32,8,0,1696,4.22012,4.2719,4.0639,4.2839,0.093017,64,32
480,16,64,10,2,8,16,16,0,1484,4.22144,4.6556,2.9747,5.2803,1.07949,64,32
481,16,64,6,3,8,16,16,0,1776,4.2246,4.099,4.0665,4.612,0.229957,64,32
482,16,64,6,3,6,16,8,0,1616,4.24842,4.1417,4.052,4.7501,0.285962,64,32
483,16,64,6,3,4,8,8,0,1408,4.26058,4.1921,4.1562,4.4299,0.121063,64,32
484,16,64,6,3,6,32,16,0,1696,4.26714,4.2693,4.2002,4.3677,0.068479,64,32
485,16,64,6,3,4,16,16,0,1456,4.33216,4.3502,4.173,4.4244,0.099125,64,32
486,16,64,6,3,4,32,32,0,1504,4.34598,4.2133,4.1878,4.8812,0.300109,64,32
487,16,64,12,2,8,16,8,2,1452,4.3901,4.1715,3.6804,6.0627,0.970243,64,32
488,16,64,6,3,8,32,8,0,1888,4.40876,4.3186,4.2172,4.6374,0.179181,64,32
489,16,64,12,2,4,32,8,2,1180,4.41254,4.5369,3.8077,5.0455,0.483661,64,32
490,16,64,10,2,4,32,32,0,1212,4.50962,4.5254,4.2057,4.7533,0.196054,64,32
491,16,64,6,3,6,32,32,0,1696,4.51202,4.6391,4.0961,4.8374,0.292812,64,32
492,16,64,12,2,4,16,16,0,1196,4.53676,4.6778,4.0933,4.8944,0.385997,64,32
493,16,64,6,3,8,16,8,0,1776,4.54264,4.5433,4.3393,4.7481,0.151489,64,32
494,16,64,6,3,6,16,16,0,1616,4.55126,4.4403,4.288,5.0118,0.278297,64,32
495,16,64,10,2,6,32,8,2,1340,4.5781,4.5668,3.325,6.0945,1.185003,64,32
496,16,64,12,2,4,32,8,0,1244,4.58126,4.5912,4.2868,4.9487,0.242885,64,32
497,16,64,12,2,4,32,16,0,1244,4.58682,4.7046,3.7212,5.0289,0.524209,64,32
498,16,64,10,2,6,16,16,2,1260,4.7123,4.6925,4.0597,5.5362,0.587343,64,32
499,16,64,12,3,4,16,16,2,1456,4.7246,4.8077,4.1068,5.3765,0.5011,64,32
500,16,64,6,3,8,8,8,0,1664,4.77056,4.698,4.0334,5.5182,0.711442,64,32
501,16,64,12,3,4,8,8,2,1408,4.78982,4.4544,4.3791,5.4687,0.528804,64,32
502,16,64,10,2,6,32,8,0,1404,4.85932,4.9568,3.8616,5.8805,0.835913,64,32
503,16,64,12,3,6,32,8,2,1696,4.8921,4.7712,4.5198,5.4586,0.381246,64,32
504,16,64,12,2,8,16,8,0,1516,4.92464,5.2186,3.625,5.6381,0.780973,64,32
505,16,64,12,2,4,32,32,0,1244,5.01006,5.441,2.7925,6.688,1.706247,64,32
506,16,64,12,3,6,32,16,2,1696,5.195,4.6252,4.5249,7.0631,1.072246,64,32
507,16,64,12,2,8,32,32,0,1628,5.20134,5.2326,4.5229,5.9975,0.55219,64,32
508,16,64,12,3,4,32,32,2,1504,5.26224,5.4824,4.1234,6.1195,0.758104,64,32
509,16,64,12,3,6,32,32,2,1696,5.45268,5.3808,4.8465,6.0143,0.44479,64,32
510,16,64,12,3,6,8,8,2,1536,5.47552,4.9478,4.824,6.4333,0.796967,64,32
511,16,64,12,3,4,32,8,2,1504,5.53766,5.653,5.0899,5.827,0.282709,64,32
512,16,64,12,2,4,16,8,0,1196,5.54452,5.7014,4.3076,6.3128,0.75454,64,32
513,16,64,12,3,4,32,8,0,1600,5.60022,5.2923,5.123,6.5606,0.589704,64,32
514,16,64,12,3,6,16,16,2,1616,5.60096,5.5995,4.4733,6.8834,0.897648,64,32
515,16,64,12,3,8,8,8,2,1664,5.67208,5.6524,4.646,6.7563,0.83617,64,32
516,16,64,12,3,4,16,16,0,1552,5.84088,5.8812,5.4254,6.1312,0.258582,64,32
517,16,64,12,3,4,32,16,2,1504,5.9033,5.8929,5.5464,6.354,0.31279,64,32
518,16,64,12,3,6,32,16,0,1792,5.96242,5.8497,5.0253,6.9745,0.706089,64,32
519,16,64,12,3,4,32,32,0,1600,6.08486,5.9901,5.7748,6.4954,0.296085,64,32
520,16,64,12,3,4,32,16,0,1600,6.31574,6.4009,5.8884,6.8079,0.379611,64,32
521,16,64,12,3,8,32,32,2,1888,6.3538,6.7163,4.7851,7.6176,1.348676,64,32
522,16,64,12,3,6,8,8,0,1632,6.3741,6.2925,5.9705,7.1271,0.44509,64,32
523,16,64,12,3,6,16,16,0,1712,6.4793,6.5483,5.5929,7.7413,0.855637,64,32
524,16,64,12,3,8,16,8,2,1776,6.50046,5.5137,4.5072,10.2667,2.255888,64,32
525,16,64,12,3,6,16,8,0,1712,6.52328,6.2328,5.9701,7.9336,0.798333,64,32
526,16,64,12,3,6,16,8,2,1616,6.6026,6.8973,5.6754,7.2333,0.648177,64,32
527,16,64,12,3,4,16,8,0,1552,6.66488,6.7443,5.7491,7.1313,0.550367,64,32
528,16,64,12,3,8,16,8,0,1872,6.69004,6.8483,5.5058,7.7135,0.804134,64,32
529,16,64,12,3,8,16,16,0,1872,7.00446,7.1877,6.0152,7.6085,0.641082,64,32
530,16,64,12,3,8,16,16,2,1776,7.00748,6.538,5.6776,8.3339,1.153484,64,32
531,16,64,12,3,4,8,8,0,1504,7.31368,7.3686,6.0721,8.0531,0.782955,64,32
532,16,64,12,3,8,32,16,2,1888,7.31614,7.1741,6.6546,7.9989,0.530688,64,32
533,16,64,12,3,6,32,32,0,1792,7.58034,7.7921,6.4642,9.2005,1.100235,64,32
534,16,64,12,3,4,16,8,2,1456,7.6316,7.637,6.8849,8.1946,0.550485,64,32
535,16,64,12,3,8,32,8,2,1888,7.6814,7.6705,6.6703,8.4644,0.663893,64,32
536,16,64,12,3,8,32,16,0,1984,7.75282,7.8371,6.676,9.1934,1.048939,64,32
537,16,64,12,3,6,32,8,0,1792,7.75294,8.037,6.0883,8.507,0.954118,64,32
538,16,64,12,3,8,32,32,0,1984,7.87138,8.0882,6.9103,8.6067,0.704844,64,32
539,16,64,12,3,8,8,8,0,1760,8.2868,7.7033,6.9547,10.2692,1.302936,64,32
540,16,64,12,3,8,32,8,0,1984,8.29046,7.8695,6.9783,10.9255,1.531115,64,32
