rank,n,w,h,d,k,t,t_prime,z,sig_bytes,mean_ms,median_ms,min_ms,max_ms,stdev_ms,r_bytes,sig_fors_bytes,sig_ht_bytes,total_theory_bytes
1,16,64,6,2,4,8,8,2,988,0.0,0.0,0.0,0.0,0.0,16,256,864,1136
2,16,64,6,2,4,16,8,2,1036,0.0,0.0,0.0,0.0,0.0,16,320,864,1200
3,16,64,6,2,4,16,16,2,1036,0.0,0.0,0.0,0.0,0.0,16,320,864,1200
4,16,64,6,2,4,8,8,0,1052,0.0,0.0,0.0,0.0,0.0,16,256,864,1136
5,16,64,10,2,4,8,8,2,1052,0.0,0.0,0.0,0.0,0.0,16,256,928,1200
6,16,64,6,2,4,32,8,2,1084,0.0,0.0,0.0,0.0,0.0,16,384,864,1264
7,16,64,6,2,4,32,16,2,1084,0.0,0.0,0.0,0.0,0.0,16,384,864,1264
8,16,64,6,2,4,32,32,2,1084,0.0,0.0,0.0,0.0,0.0,16,384,864,1264
9,16,64,12,2,4,8,8,2,1084,0.0,0.0,0.0,0.0,0.0,16,256,960,1232
10,16,64,6,2,4,16,8,0,1100,0.0,0.0,0.0,0.0,0.0,16,320,864,1200
11,16,64,6,2,4,16,16,0,1100,0.0,0.0,0.0,0.0,0.0,16,320,864,1200
12,16,64,10,2,4,16,8,2,1100,0.0,0.0,0.0,0.0,0.0,16,320,928,1264
13,16,64,10,2,4,16,16,2,1100,0.0,0.0,0.0,0.0,0.0,16,320,928,1264
14,16,64,6,2,6,8,8,2,1116,0.0,0.0,0.0,0.0,0.0,16,384,864,1264
15,16,64,10,2,4,8,8,0,1116,0.0,0.0,0.0,0.0,0.0,16,256,928,1200
16,16,64,12,2,4,16,8,2,1132,0.0,0.0,0.0,0.0,0.0,16,320,960,1296
17,16,64,12,2,4,16,16,2,1132,0.0,0.0,0.0,0.0,0.0,16,320,960,1296
18,16,64,6,2,4,32,8,0,1148,0.0,0.0,0.0,0.0,0.0,16,384,864,1264
19,16,64,6,2,4,32,16,0,1148,0.0,0.0,0.0,0.0,0.0,16,384,864,1264
20,16,64,6,2,4,32,32,0,1148,0.0,0.0,0.0,0.0,0.0,16,384,864,1264
21,16,64,10,2,4,32,8,2,1148,0.0,0.0,0.0,0.0,0.0,16,384,928,1328
22,16,64,10,2,4,32,16,2,1148,0.0,0.0,0.0,0.0,0.0,16,384,928,1328
23,16,64,10,2,4,32,32,2,1148,0.0,0.0,0.0,0.0,0.0,16,384,928,1328
24,16,64,12,2,4,8,8,0,1148,0.0,0.0,0.0,0.0,0.0,16,256,960,1232
25,16,64,10,2,4,16,8,0,1164,0.0,0.0,0.0,0.0,0.0,16,320,928,1264
26,16,64,10,2,4,16,16,0,1164,0.0,0.0,0.0,0.0,0.0,16,320,928,1264
27,16,64,6,2,6,8,8,0,1180,0.0,0.0,0.0,0.0,0.0,16,384,864,1264
28,16,64,10,2,6,8,8,2,1180,0.0,0.0,0.0,0.0,0.0,16,384,928,1328
29,16,64,12,2,4,32,8,2,1180,0.0,0.0,0.0,0.0,0.0,16,384,960,1360
30,16,64,12,2,4,32,16,2,1180,0.0,0.0,0.0,0.0,0.0,16,384,960,1360
31,16,64,12,2,4,32,32,2,1180,0.0,0.0,0.0,0.0,0.0,16,384,960,1360
32,16,64,6,2,6,16,8,2,1196,0.0,0.0,0.0,0.0,0.0,16,480,864,1360
33,16,64,6,2,6,16,16,2,1196,0.0,0.0,0.0,0.0,0.0,16,480,864,1360
34,16,64,12,2,4,16,8,0,1196,0.0,0.0,0.0,0.0,0.0,16,320,960,1296
35,16,64,12,2,4,16,16,0,1196,0.0,0.0,0.0,0.0,0.0,16,320,960,1296
36,16,64,10,2,4,32,8,0,1212,0.0,0.0,0.0,0.0,0.0,16,384,928,1328
37,16,64,10,2,4,32,16,0,1212,0.0,0.0,0.0,0.0,0.0,16,384,928,1328
38,16,64,10,2,4,32,32,0,1212,0.0,0.0,0.0,0.0,0.0,16,384,928,1328
39,16,64,12,2,6,8,8,2,1212,0.0,0.0,0.0,0.0,0.0,16,384,960,1360
40,16,64,6,2,8,8,8,2,1244,0.0,0.0,0.0,0.0,0.0,16,512,864,1392
41,16,64,10,2,6,8,8,0,1244,0.0,0.0,0.0,0.0,0.0,16,384,928,1328
42,16,64,12,2,4,32,8,0,1244,0.0,0.0,0.0,0.0,0.0,16,384,960,1360
43,16,64,12,2,4,32,16,0,1244,0.0,0.0,0.0,0.0,0.0,16,384,960,1360
44,16,64,12,2,4,32,32,0,1244,0.0,0.0,0.0,0.0,0.0,16,384,960,1360
45,16,64,6,2,6,16,8,0,1260,0.0,0.0,0.0,0.0,0.0,16,480,864,1360
46,16,64,6,2,6,16,16,0,1260,0.0,0.0,0.0,0.0,0.0,16,480,864,1360
47,16,64,10,2,6,16,8,2,1260,0.0,0.0,0.0,0.0,0.0,16,480,928,1424
48,16,64,10,2,6,16,16,2,1260,0.0,0.0,0.0,0.0,0.0,16,480,928,1424
49,16,64,6,2,6,32,8,2,1276,0.0,0.0,0.0,0.0,0.0,16,576,864,1456
50,16,64,6,2,6,32,16,2,1276,0.0,0.0,0.0,0.0,0.0,16,576,864,1456
51,16,64,6,2,6,32,32,2,1276,0.0,0.0,0.0,0.0,0.0,16,576,864,1456
52,16,64,12,2,6,8,8,0,1276,0.0,0.0,0.0,0.0,0.0,16,384,960,1360
53,16,64,12,2,6,16,8,2,1292,0.0,0.0,0.0,0.0,0.0,16,480,960,1456
54,16,64,12,2,6,16,16,2,1292,0.0,0.0,0.0,0.0,0.0,16,480,960,1456
55,16,16,6,2,4,8,8,2,1308,0.0,0.0,0.0,0.0,0.0,16,256,1216,1488
56,16,64,6,2,8,8,8,0,1308,0.0,0.0,0.0,0.0,0.0,16,512,864,1392
57,16,64,10,2,8,8,8,2,1308,0.0,0.0,0.0,0.0,0.0,16,512,928,1456
58,16,64,6,3,4,8,8,2,1312,0.0,0.0,0.0,0.0,0.0,16,256,1248,1520
59,16,64,10,2,6,16,8,0,1324,0.0,0.0,0.0,0.0,0.0,16,480,928,1424
60,16,64,10,2,6,16,16,0,1324,0.0,0.0,0.0,0.0,0.0,16,480,928,1424
61,16,64,6,2,6,32,8,0,1340,0.0,0.0,0.0,0.0,0.0,16,576,864,1456
62,16,64,6,2,6,32,16,0,1340,0.0,0.0,0.0,0.0,0.0,16,576,864,1456
63,16,64,6,2,6,32,32,0,1340,0.0,0.0,0.0,0.0,0.0,16,576,864,1456
64,16,64,10,2,6,32,8,2,1340,0.0,0.0,0.0,0.0,0.0,16,576,928,1520
65,16,64,10,2,6,32,16,2,1340,0.0,0.0,0.0,0.0,0.0,16,576,928,1520
66,16,64,10,2,6,32,32,2,1340,0.0,0.0,0.0,0.0,0.0,16,576,928,1520
67,16,64,12,2,8,8,8,2,1340,0.0,0.0,0.0,0.0,0.0,16,512,960,1488
68,16,16,6,2,4,16,8,2,1356,0.0,0.0,0.0,0.0,0.0,16,320,1216,1552
69,16,16,6,2,4,16,16,2,1356,0.0,0.0,0.0,0.0,0.0,16,320,1216,1552
70,16,64,6,2,8,16,8,2,1356,0.0,0.0,0.0,0.0,0.0,16,640,864,1520
71,16,64,6,2,8,16,16,2,1356,0.0,0.0,0.0,0.0,0.0,16,640,864,1520
72,16,64,12,2,6,16,8,0,1356,0.0,0.0,0.0,0.0,0.0,16,480,960,1456
73,16,64,12,2,6,16,16,0,1356,0.0,0.0,0.0,0.0,0.0,16,480,960,1456
74,16,64,6,3,4,16,8,2,1360,0.0,0.0,0.0,0.0,0.0,16,320,1248,1584
75,16,64,6,3,4,16,16,2,1360,0.0,0.0,0.0,0.0,0.0,16,320,1248,1584
76,16,16,6,2,4,8,8,0,1372,0.0,0.0,0.0,0.0,0.0,16,256,1216,1488
77,16,16,10,2,4,8,8,2,1372,0.0,0.0,0.0,0.0,0.0,16,256,1280,1552
78,16,64,10,2,8,8,8,0,1372,0.0,0.0,0.0,0.0,0.0,16,512,928,1456
79,16,64,12,2,6,32,8,2,1372,0.0,0.0,0.0,0.0,0.0,16,576,960,1552
80,16,64,12,2,6,32,16,2,1372,0.0,0.0,0.0,0.0,0.0,16,576,960,1552
81,16,64,12,2,6,32,32,2,1372,0.0,0.0,0.0,0.0,0.0,16,576,960,1552
82,16,16,6,2,4,32,8,2,1404,0.0,0.0,0.0,0.0,0.0,16,384,1216,1616
83,16,16,6,2,4,32,16,2,1404,0.0,0.0,0.0,0.0,0.0,16,384,1216,1616
84,16,16,6,2,4,32,32,2,1404,0.0,0.0,0.0,0.0,0.0,16,384,1216,1616
85,16,16,12,2,4,8,8,2,1404,0.0,0.0,0.0,0.0,0.0,16,256,1312,1584
86,16,64,10,2,6,32,8,0,1404,0.0,0.0,0.0,0.0,0.0,16,576,928,1520
87,16,64,10,2,6,32,16,0,1404,0.0,0.0,0.0,0.0,0.0,16,576,928,1520
88,16,64,10,2,6,32,32,0,1404,0.0,0.0,0.0,0.0,0.0,16,576,928,1520
89,16,64,12,2,8,8,8,0,1404,0.0,0.0,0.0,0.0,0.0,16,512,960,1488
90,16,64,6,3,4,8,8,0,1408,0.0,0.0,0.0,0.0,0.0,16,256,1248,1520
91,16,64,6,3,4,32,8,2,1408,0.0,0.0,0.0,0.0,0.0,16,384,1248,1648
92,16,64,6,3,4,32,16,2,1408,0.0,0.0,0.0,0.0,0.0,16,384,1248,1648
93,16,64,6,3,4,32,32,2,1408,0.0,0.0,0.0,0.0,0.0,16,384,1248,1648
94,16,64,12,3,4,8,8,2,1408,0.0,0.0,0.0,0.0,0.0,16,256,1344,1616
95,16,16,6,2,4,16,8,0,1420,0.0,0.0,0.0,0.0,0.0,16,320,1216,1552
96,16,16,6,2,4,16,16,0,1420,0.0,0.0,0.0,0.0,0.0,16,320,1216,1552
97,16,16,10,2,4,16,8,2,1420,0.0,0.0,0.0,0.0,0.0,16,320,1280,1616
98,16,16,10,2,4,16,16,2,1420,0.0,0.0,0.0,0.0,0.0,16,320,1280,1616
99,16,64,6,2,8,16,8,0,1420,0.0,0.0,0.0,0.0,0.0,16,640,864,1520
100,16,64,6,2,8,16,16,0,1420,0.0,0.0,0.0,0.0,0.0,16,640,864,1520
101,16,64,10,2,8,16,8,2,1420,0.0,0.0,0.0,0.0,0.0,16,640,928,1584
102,16,64,10,2,8,16,16,2,1420,0.0,0.0,0.0,0.0,0.0,16,640,928,1584
103,16,16,6,2,6,8,8,2,1436,0.0,0.0,0.0,0.0,0.0,16,384,1216,1616
104,16,16,10,2,4,8,8,0,1436,0.0,0.0,0.0,0.0,0.0,16,256,1280,1552
105,16,64,12,2,6,32,8,0,1436,0.0,0.0,0.0,0.0,0.0,16,576,960,1552
106,16,64,12,2,6,32,16,0,1436,0.0,0.0,0.0,0.0,0.0,16,576,960,1552
107,16,64,12,2,6,32,32,0,1436,0.0,0.0,0.0,0.0,0.0,16,576,960,1552
108,16,64,6,3,6,8,8,2,1440,0.0,0.0,0.0,0.0,0.0,16,384,1248,1648
109,16,16,12,2,4,16,8,2,1452,0.0,0.0,0.0,0.0,0.0,16,320,1312,1648
110,16,16,12,2,4,16,16,2,1452,0.0,0.0,0.0,0.0,0.0,16,320,1312,1648
111,16,64,12,2,8,16,8,2,1452,0.0,0.0,0.0,0.0,0.0,16,640,960,1616
112,16,64,12,2,8,16,16,2,1452,0.0,0.0,0.0,0.0,0.0,16,640,960,1616
113,16,64,6,3,4,16,8,0,1456,0.0,0.0,0.0,0.0,0.0,16,320,1248,1584
114,16,64,6,3,4,16,16,0,1456,0.0,0.0,0.0,0.0,0.0,16,320,1248,1584
115,16,64,12,3,4,16,8,2,1456,0.0,0.0,0.0,0.0,0.0,16,320,1344,1680
116,16,64,12,3,4,16,16,2,1456,0.0,0.0,0.0,0.0,0.0,16,320,1344,1680
117,16,16,6,2,4,32,8,0,1468,0.0,0.0,0.0,0.0,0.0,16,384,1216,1616
118,16,16,6,2,4,32,16,0,1468,0.0,0.0,0.0,0.0,0.0,16,384,1216,1616
119,16,16,6,2,4,32,32,0,1468,0.0,0.0,0.0,0.0,0.0,16,384,1216,1616
120,16,16,10,2,4,32,8,2,1468,0.0,0.0,0.0,0.0,0.0,16,384,1280,1680
121,16,16,10,2,4,32,16,2,1468,0.0,0.0,0.0,0.0,0.0,16,384,1280,1680
122,16,16,10,2,4,32,32,2,1468,0.0,0.0,0.0,0.0,0.0,16,384,1280,1680
123,16,16,12,2,4,8,8,0,1468,0.0,0.0,0.0,0.0,0.0,16,256,1312,1584
124,16,64,6,2,8,32,8,2,1468,0.0,0.0,0.0,0.0,0.0,16,768,864,1648
125,16,64,6,2,8,32,16,2,1468,0.0,0.0,0.0,0.0,0.0,16,768,864,1648
126,16,64,6,2,8,32,32,2,1468,0.0,0.0,0.0,0.0,0.0,16,768,864,1648
127,16,16,10,2,4,16,8,0,1484,0.0,0.0,0.0,0.0,0.0,16,320,1280,1616
128,16,16,10,2,4,16,16,0,1484,0.0,0.0,0.0,0.0,0.0,16,320,1280,1616
129,16,64,10,2,8,16,8,0,1484,0.0,0.0,0.0,0.0,0.0,16,640,928,1584
130,16,64,10,2,8,16,16,0,1484,0.0,0.0,0.0,0.0,0.0,16,640,928,1584
131,16,16,6,2,6,8,8,0,1500,0.0,0.0,0.0,0.0,0.0,16,384,1216,1616
132,16,16,10,2,6,8,8,2,1500,0.0,0.0,0.0,0.0,0.0,16,384,1280,1680
133,16,16,12,2,4,32,8,2,1500,0.0,0.0,0.0,0.0,0.0,16,384,1312,1712
134,16,16,12,2,4,32,16,2,1500,0.0,0.0,0.0,0.0,0.0,16,384,1312,1712
135,16,16,12,2,4,32,32,2,1500,0.0,0.0,0.0,0.0,0.0,16,384,1312,1712
136,16,64,6,3,4,32,8,0,1504,0.0,0.0,0.0,0.0,0.0,16,384,1248,1648
137,16,64,6,3,4,32,16,0,1504,0.0,0.0,0.0,0.0,0.0,16,384,1248,1648
138,16,64,6,3,4,32,32,0,1504,0.0,0.0,0.0,0.0,0.0,16,384,1248,1648
139,16,64,12,3,4,8,8,0,1504,0.0,0.0,0.0,0.0,0.0,16,256,1344,1616
140,16,64,12,3,4,32,8,2,1504,0.0,0.0,0.0,0.0,0.0,16,384,1344,1744
141,16,64,12,3,4,32,16,2,1504,0.0,0.0,0.0,0.0,0.0,16,384,1344,1744
142,16,64,12,3,4,32,32,2,1504,0.0,0.0,0.0,0.0,0.0,16,384,1344,1744
143,16,16,6,2,6,16,8,2,1516,0.0,0.0,0.0,0.0,0.0,16,480,1216,1712
144,16,16,6,2,6,16,16,2,1516,0.0,0.0,0.0,0.0,0.0,16,480,1216,1712
145,16,16,12,2,4,16,8,0,1516,0.0,0.0,0.0,0.0,0.0,16,320,1312,1648
146,16,16,12,2,4,16,16,0,1516,0.0,0.0,0.0,0.0,0.0,16,320,1312,1648
147,16,64,12,2,8,16,8,0,1516,0.0,0.0,0.0,0.0,0.0,16,640,960,1616
148,16,64,12,2,8,16,16,0,1516,0.0,0.0,0.0,0.0,0.0,16,640,960,1616
149,16,64,6,3,6,16,8,2,1520,0.0,0.0,0.0,0.0,0.0,16,480,1248,1744
150,16,64,6,3,6,16,16,2,1520,0.0,0.0,0.0,0.0,0.0,16,480,1248,1744
151,16,16,10,2,4,32,8,0,1532,0.0,0.0,0.0,0.0,0.0,16,384,1280,1680
152,16,16,10,2,4,32,16,0,1532,0.0,0.0,0.0,0.0,0.0,16,384,1280,1680
153,16,16,10,2,4,32,32,0,1532,0.0,0.0,0.0,0.0,0.0,16,384,1280,1680
154,16,16,12,2,6,8,8,2,1532,0.0,0.0,0.0,0.0,0.0,16,384,1312,1712
155,16,64,6,2,8,32,8,0,1532,0.0,0.0,0.0,0.0,0.0,16,768,864,1648
156,16,64,6,2,8,32,16,0,1532,0.0,0.0,0.0,0.0,0.0,16,768,864,1648
157,16,64,6,2,8,32,32,0,1532,0.0,0.0,0.0,0.0,0.0,16,768,864,1648
158,16,64,10,2,8,32,8,2,1532,0.0,0.0,0.0,0.0,0.0,16,768,928,1712
159,16,64,10,2,8,32,16,2,1532,0.0,0.0,0.0,0.0,0.0,16,768,928,1712
160,16,64,10,2,8,32,32,2,1532,0.0,0.0,0.0,0.0,0.0,16,768,928,1712
161,16,64,6,3,6,8,8,0,1536,0.0,0.0,0.0,0.0,0.0,16,384,1248,1648
162,16,64,12,3,6,8,8,2,1536,0.0,0.0,0.0,0.0,0.0,16,384,1344,1744
163,16,64,12,3,4,16,8,0,1552,0.0,0.0,0.0,0.0,0.0,16,320,1344,1680
164,16,64,12,3,4,16,16,0,1552,0.0,0.0,0.0,0.0,0.0,16,320,1344,1680
165,16,16,6,2,8,8,8,2,1564,0.0,0.0,0.0,0.0,0.0,16,512,1216,1744
166,16,16,10,2,6,8,8,0,1564,0.0,0.0,0.0,0.0,0.0,16,384,1280,1680
167,16,16,12,2,4,32,8,0,1564,0.0,0.0,0.0,0.0,0.0,16,384,1312,1712
168,16,16,12,2,4,32,16,0,1564,0.0,0.0,0.0,0.0,0.0,16,384,1312,1712
169,16,16,12,2,4,32,32,0,1564,0.0,0.0,0.0,0.0,0.0,16,384,1312,1712
170,16,64,12,2,8,32,8,2,1564,0.0,0.0,0.0,0.0,0.0,16,768,960,1744
171,16,64,12,2,8,32,16,2,1564,0.0,0.0,0.0,0.0,0.0,16,768,960,1744
172,16,64,12,2,8,32,32,2,1564,0.0,0.0,0.0,0.0,0.0,16,768,960,1744
173,16,64,6,3,8,8,8,2,1568,0.0,0.0,0.0,0.0,0.0,16,512,1248,1776
174,16,16,6,2,6,16,8,0,1580,0.0,0.0,0.0,0.0,0.0,16,480,1216,1712
175,16,16,6,2,6,16,16,0,1580,0.0,0.0,0.0,0.0,0.0,16,480,1216,1712
176,16,16,10,2,6,16,8,2,1580,0.0,0.0,0.0,0.0,0.0,16,480,1280,1776
177,16,16,10,2,6,16,16,2,1580,0.0,0.0,0.0,0.0,0.0,16,480,1280,1776
178,16,16,6,2,6,32,8,2,1596,0.0,0.0,0.0,0.0,0.0,16,576,1216,1808
179,16,16,6,2,6,32,16,2,1596,0.0,0.0,0.0,0.0,0.0,16,576,1216,1808
180,16,16,6,2,6,32,32,2,1596,0.0,0.0,0.0,0.0,0.0,16,576,1216,1808
181,16,16,12,2,6,8,8,0,1596,0.0,0.0,0.0,0.0,0.0,16,384,1312,1712
182,16,64,10,2,8,32,8,0,1596,0.0,0.0,0.0,0.0,0.0,16,768,928,1712
183,16,64,10,2,8,32,16,0,1596,0.0,0.0,0.0,0.0,0.0,16,768,928,1712
184,16,64,10,2,8,32,32,0,1596,0.0,0.0,0.0,0.0,0.0,16,768,928,1712
185,16,64,6,3,6,32,8,2,1600,0.0,0.0,0.0,0.0,0.0,16,576,1248,1840
186,16,64,6,3,6,32,16,2,1600,0.0,0.0,0.0,0.0,0.0,16,576,1248,1840
187,16,64,6,3,6,32,32,2,1600,0.0,0.0,0.0,0.0,0.0,16,576,1248,1840
188,16,64,12,3,4,32,8,0,1600,0.0,0.0,0.0,0.0,0.0,16,384,1344,1744
189,16,64,12,3,4,32,16,0,1600,0.0,0.0,0.0,0.0,0.0,16,384,1344,1744
190,16,64,12,3,4,32,32,0,1600,0.0,0.0,0.0,0.0,0.0,16,384,1344,1744
191,16,16,12,2,6,16,8,2,1612,0.0,0.0,0.0,0.0,0.0,16,480,1312,1808
192,16,16,12,2,6,16,16,2,1612,0.0,0.0,0.0,0.0,0.0,16,480,1312,1808
193,16,64,6,3,6,16,8,0,1616,0.0,0.0,0.0,0.0,0.0,16,480,1248,1744
194,16,64,6,3,6,16,16,0,1616,0.0,0.0,0.0,0.0,0.0,16,480,1248,1744
195,16,64,12,3,6,16,8,2,1616,0.0,0.0,0.0,0.0,0.0,16,480,1344,1840
196,16,64,12,3,6,16,16,2,1616,0.0,0.0,0.0,0.0,0.0,16,480,1344,1840
197,16,16,6,2,8,8,8,0,1628,0.0,0.0,0.0,0.0,0.0,16,512,1216,1744
198,16,16,10,2,8,8,8,2,1628,0.0,0.0,0.0,0.0,0.0,16,512,1280,1808
199,16,64,12,2,8,32,8,0,1628,0.0,0.0,0.0,0.0,0.0,16,768,960,1744
200,16,64,12,2,8,32,16,0,1628,0.0,0.0,0.0,0.0,0.0,16,768,960,1744
201,16,64,12,2,8,32,32,0,1628,0.0,0.0,0.0,0.0,0.0,16,768,960,1744
202,16,64,12,3,6,8,8,0,1632,0.0,0.0,0.0,0.0,0.0,16,384,1344,1744
203,16,16,10,2,6,16,8,0,1644,0.0,0.0,0.0,0.0,0.0,16,480,1280,1776
204,16,16,10,2,6,16,16,0,1644,0.0,0.0,0.0,0.0,0.0,16,480,1280,1776
205,16,16,6,2,6,32,8,0,1660,0.0,0.0,0.0,0.0,0.0,16,576,1216,1808
206,16,16,6,2,6,32,16,0,1660,0.0,0.0,0.0,0.0,0.0,16,576,1216,1808
207,16,16,6,2,6,32,32,0,1660,0.0,0.0,0.0,0.0,0.0,16,576,1216,1808
208,16,16,10,2,6,32,8,2,1660,0.0,0.0,0.0,0.0,0.0,16,576,1280,1872
209,16,16,10,2,6,32,16,2,1660,0.0,0.0,0.0,0.0,0.0,16,576,1280,1872
210,16,16,10,2,6,32,32,2,1660,0.0,0.0,0.0,0.0,0.0,16,576,1280,1872
211,16,16,12,2,8,8,8,2,1660,0.0,0.0,0.0,0.0,0.0,16,512,1312,1840
212,16,64,6,3,8,8,8,0,1664,0.0,0.0,0.0,0.0,0.0,16,512,1248,1776
213,16,64,12,3,8,8,8,2,1664,0.0,0.0,0.0,0.0,0.0,16,512,1344,1872
214,16,16,6,2,8,16,8,2,1676,0.0,0.0,0.0,0.0,0.0,16,640,1216,1872
215,16,16,6,2,8,16,16,2,1676,0.0,0.0,0.0,0.0,0.0,16,640,1216,1872
216,16,16,12,2,6,16,8,0,1676,0.0,0.0,0.0,0.0,0.0,16,480,1312,1808
217,16,16,12,2,6,16,16,0,1676,0.0,0.0,0.0,0.0,0.0,16,480,1312,1808
218,16,64,6,3,8,16,8,2,1680,0.0,0.0,0.0,0.0,0.0,16,640,1248,1904
219,16,64,6,3,8,16,16,2,1680,0.0,0.0,0.0,0.0,0.0,16,640,1248,1904
220,16,16,10,2,8,8,8,0,1692,0.0,0.0,0.0,0.0,0.0,16,512,1280,1808
221,16,16,12,2,6,32,8,2,1692,0.0,0.0,0.0,0.0,0.0,16,576,1312,1904
222,16,16,12,2,6,32,16,2,1692,0.0,0.0,0.0,0.0,0.0,16,576,1312,1904
223,16,16,12,2,6,32,32,2,1692,0.0,0.0,0.0,0.0,0.0,16,576,1312,1904
224,16,64,6,3,6,32,8,0,1696,0.0,0.0,0.0,0.0,0.0,16,576,1248,1840
225,16,64,6,3,6,32,16,0,1696,0.0,0.0,0.0,0.0,0.0,16,576,1248,1840
226,16,64,6,3,6,32,32,0,1696,0.0,0.0,0.0,0.0,0.0,16,576,1248,1840
227,16,64,12,3,6,32,8,2,1696,0.0,0.0,0.0,0.0,0.0,16,576,1344,1936
228,16,64,12,3,6,32,16,2,1696,0.0,0.0,0.0,0.0,0.0,16,576,1344,1936
229,16,64,12,3,6,32,32,2,1696,0.0,0.0,0.0,0.0,0.0,16,576,1344,1936
230,16,64,12,3,6,16,8,0,1712,0.0,0.0,0.0,0.0,0.0,16,480,1344,1840
231,16,64,12,3,6,16,16,0,1712,0.0,0.0,0.0,0.0,0.0,16,480,1344,1840
232,16,16,10,2,6,32,8,0,1724,0.0,0.0,0.0,0.0,0.0,16,576,1280,1872
233,16,16,10,2,6,32,16,0,1724,0.0,0.0,0.0,0.0,0.0,16,576,1280,1872
234,16,16,10,2,6,32,32,0,1724,0.0,0.0,0.0,0.0,0.0,16,576,1280,1872
235,16,16,12,2,8,8,8,0,1724,0.0,0.0,0.0,0.0,0.0,16,512,1312,1840
236,16,16,6,2,8,16,8,0,1740,0.0,0.0,0.0,0.0,0.0,16,640,1216,1872
237,16,16,6,2,8,16,16,0,1740,0.0,0.0,0.0,0.0,0.0,16,640,1216,1872
238,16,16,10,2,8,16,8,2,1740,0.0,0.0,0.0,0.0,0.0,16,640,1280,1936
239,16,16,10,2,8,16,16,2,1740,0.0,0.0,0.0,0.0,0.0,16,640,1280,1936
240,16,16,12,2,6,32,8,0,1756,0.0,0.0,0.0,0.0,0.0,16,576,1312,1904
241,16,16,12,2,6,32,16,0,1756,0.0,0.0,0.0,0.0,0.0,16,576,1312,1904
242,16,16,12,2,6,32,32,0,1756,0.0,0.0,0.0,0.0,0.0,16,576,1312,1904
243,16,64,12,3,8,8,8,0,1760,0.0,0.0,0.0,0.0,0.0,16,512,1344,1872
244,16,16,12,2,8,16,8,2,1772,0.0,0.0,0.0,0.0,0.0,16,640,1312,1968
245,16,16,12,2,8,16,16,2,1772,0.0,0.0,0.0,0.0,0.0,16,640,1312,1968
246,16,64,6,3,8,16,8,0,1776,0.0,0.0,0.0,0.0,0.0,16,640,1248,1904
247,16,64,6,3,8,16,16,0,1776,0.0,0.0,0.0,0.0,0.0,16,640,1248,1904
248,16,64,12,3,8,16,8,2,1776,0.0,0.0,0.0,0.0,0.0,16,640,1344,2000
249,16,64,12,3,8,16,16,2,1776,0.0,0.0,0.0,0.0,0.0,16,640,1344,2000
250,16,16,6,2,8,32,8,2,1788,0.0,0.0,0.0,0.0,0.0,16,768,1216,2000
251,16,16,6,2,8,32,16,2,1788,0.0,0.0,0.0,0.0,0.0,16,768,1216,2000
252,16,16,6,2,8,32,32,2,1788,0.0,0.0,0.0,0.0,0.0,16,768,1216,2000
253,16,16,6,3,4,8,8,2,1792,0.0,0.0,0.0,0.0,0.0,16,256,1776,2048
254,16,64,6,3,8,32,8,2,1792,0.0,0.0,0.0,0.0,0.0,16,768,1248,2032
255,16,64,6,3,8,32,16,2,1792,0.0,0.0,0.0,0.0,0.0,16,768,1248,2032
256,16,64,6,3,8,32,32,2,1792,0.0,0.0,0.0,0.0,0.0,16,768,1248,2032
257,16,64,12,3,6,32,8,0,1792,0.0,0.0,0.0,0.0,0.0,16,576,1344,1936
258,16,64,12,3,6,32,16,0,1792,0.0,0.0,0.0,0.0,0.0,16,576,1344,1936
259,16,64,12,3,6,32,32,0,1792,0.0,0.0,0.0,0.0,0.0,16,576,1344,1936
260,16,16,10,2,8,16,8,0,1804,0.0,0.0,0.0,0.0,0.0,16,640,1280,1936
261,16,16,10,2,8,16,16,0,1804,0.0,0.0,0.0,0.0,0.0,16,640,1280,1936
262,16,16,12,2,8,16,8,0,1836,0.0,0.0,0.0,0.0,0.0,16,640,1312,1968
263,16,16,12,2,8,16,16,0,1836,0.0,0.0,0.0,0.0,0.0,16,640,1312,1968
264,16,16,6,3,4,16,8,2,1840,0.0,0.0,0.0,0.0,0.0,16,320,1776,2112
265,16,16,6,3,4,16,16,2,1840,0.0,0.0,0.0,0.0,0.0,16,320,1776,2112
266,16,16,6,2,8,32,8,0,1852,0.0,0.0,0.0,0.0,0.0,16,768,1216,2000
267,16,16,6,2,8,32,16,0,1852,0.0,0.0,0.0,0.0,0.0,16,768,1216,2000
268,16,16,6,2,8,32,32,0,1852,0.0,0.0,0.0,0.0,0.0,16,768,1216,2000
269,16,16,10,2,8,32,8,2,1852,0.0,0.0,0.0,0.0,0.0,16,768,1280,2064
270,16,16,10,2,8,32,16,2,1852,0.0,0.0,0.0,0.0,0.0,16,768,1280,2064
271,16,16,10,2,8,32,32,2,1852,0.0,0.0,0.0,0.0,0.0,16,768,1280,2064
272,16,64,12,3,8,16,8,0,1872,0.0,0.0,0.0,0.0,0.0,16,640,1344,2000
273,16,64,12,3,8,16,16,0,1872,0.0,0.0,0.0,0.0,0.0,16,640,1344,2000
274,16,16,12,2,8,32,8,2,1884,0.0,0.0,0.0,0.0,0.0,16,768,1312,2096
275,16,16,12,2,8,32,16,2,1884,0.0,0.0,0.0,0.0,0.0,16,768,1312,2096
276,16,16,12,2,8,32,32,2,1884,0.0,0.0,0.0,0.0,0.0,16,768,1312,2096
277,16,16,6,3,4,8,8,0,1888,0.0,0.0,0.0,0.0,0.0,16,256,1776,2048
278,16,16,6,3,4,32,8,2,1888,0.0,0.0,0.0,0.0,0.0,16,384,1776,2176
279,16,16,6,3,4,32,16,2,1888,0.0,0.0,0.0,0.0,0.0,16,384,1776,2176
280,16,16,6,3,4,32,32,2,1888,0.0,0.0,0.0,0.0,0.0,16,384,1776,2176
281,16,16,12,3,4,8,8,2,1888,0.0,0.0,0.0,0.0,0.0,16,256,1872,2144
282,16,64,6,3,8,32,8,0,1888,0.0,0.0,0.0,0.0,0.0,16,768,1248,2032
283,16,64,6,3,8,32,16,0,1888,0.0,0.0,0.0,0.0,0.0,16,768,1248,2032
284,16,64,6,3,8,32,32,0,1888,0.0,0.0,0.0,0.0,0.0,16,768,1248,2032
285,16,64,12,3,8,32,8,2,1888,0.0,0.0,0.0,0.0,0.0,16,768,1344,2128
286,16,64,12,3,8,32,16,2,1888,0.0,0.0,0.0,0.0,0.0,16,768,1344,2128
287,16,64,12,3,8,32,32,2,1888,0.0,0.0,0.0,0.0,0.0,16,768,1344,2128
288,16,16,10,2,8,32,8,0,1916,0.0,0.0,0.0,0.0,0.0,16,768,1280,2064
289,16,16,10,2,8,32,16,0,1916,0.0,0.0,0.0,0.0,0.0,16,768,1280,2064
290,16,16,10,2,8,32,32,0,1916,0.0,0.0,0.0,0.0,0.0,16,768,1280,2064
291,16,16,6,3,6,8,8,2,1920,0.0,0.0,0.0,0.0,0.0,16,384,1776,2176
292,16,16,6,3,4,16,8,0,1936,0.0,0.0,0.0,0.0,0.0,16,320,1776,2112
293,16,16,6,3,4,16,16,0,1936,0.0,0.0,0.0,0.0,0.0,16,320,1776,2112
294,16,16,12,3,4,16,8,2,1936,0.0,0.0,0.0,0.0,0.0,16,320,1872,2208
295,16,16,12,3,4,16,16,2,1936,0.0,0.0,0.0,0.0,0.0,16,320,1872,2208
296,16,16,12,2,8,32,8,0,1948,0.0,0.0,0.0,0.0,0.0,16,768,1312,2096
297,16,16,12,2,8,32,16,0,1948,0.0,0.0,0.0,0.0,0.0,16,768,1312,2096
298,16,16,12,2,8,32,32,0,1948,0.0,0.0,0.0,0.0,0.0,16,768,1312,2096
299,16,16,6,3,4,32,8,0,1984,0.0,0.0,0.0,0.0,0.0,16,384,1776,2176
300,16,16,6,3,4,32,16,0,1984,0.0,0.0,0.0,0.0,0.0,16,384,1776,2176
301,16,16,6,3,4,32,32,0,1984,0.0,0.0,0.0,0.0,0.0,16,384,1776,2176
302,16,16,12,3,4,8,8,0,1984,0.0,0.0,0.0,0.0,0.0,16,256,1872,2144
303,16,16,12,3,4,32,8,2,1984,0.0,0.0,0.0,0.0,0.0,16,384,1872,2272
304,16,16,12,3,4,32,16,2,1984,0.0,0.0,0.0,0.0,0.0,16,384,1872,2272
305,16,16,12,3,4,32,32,2,1984,0.0,0.0,0.0,0.0,0.0,16,384,1872,2272
306,16,64,12,3,8,32,8,0,1984,0.0,0.0,0.0,0.0,0.0,16,768,1344,2128
307,16,64,12,3,8,32,16,0,1984,0.0,0.0,0.0,0.0,0.0,16,768,1344,2128
308,16,64,12,3,8,32,32,0,1984,0.0,0.0,0.0,0.0,0.0,16,768,1344,2128
309,16,16,6,3,6,16,8,2,2000,0.0,0.0,0.0,0.0,0.0,16,480,1776,2272
310,16,16,6,3,6,16,16,2,2000,0.0,0.0,0.0,0.0,0.0,16,480,1776,2272
311,16,16,6,3,6,8,8,0,2016,0.0,0.0,0.0,0.0,0.0,16,384,1776,2176
312,16,16,12,3,6,8,8,2,2016,0.0,0.0,0.0,0.0,0.0,16,384,1872,2272
313,16,16,12,3,4,16,8,0,2032,0.0,0.0,0.0,0.0,0.0,16,320,1872,2208
314,16,16,12,3,4,16,16,0,2032,0.0,0.0,0.0,0.0,0.0,16,320,1872,2208
315,16,16,6,3,8,8,8,2,2048,0.0,0.0,0.0,0.0,0.0,16,512,1776,2304
316,16,16,6,3,6,32,8,2,2080,0.0,0.0,0.0,0.0,0.0,16,576,1776,2368
317,16,16,6,3,6,32,16,2,2080,0.0,0.0,0.0,0.0,0.0,16,576,1776,2368
318,16,16,6,3,6,32,32,2,2080,0.0,0.0,0.0,0.0,0.0,16,576,1776,2368
319,16,16,12,3,4,32,8,0,2080,0.0,0.0,0.0,0.0,0.0,16,384,1872,2272
320,16,16,12,3,4,32,16,0,2080,0.0,0.0,0.0,0.0,0.0,16,384,1872,2272
321,16,16,12,3,4,32,32,0,2080,0.0,0.0,0.0,0.0,0.0,16,384,1872,2272
322,16,16,6,3,6,16,8,0,2096,0.0,0.0,0.0,0.0,0.0,16,480,1776,2272
323,16,16,6,3,6,16,16,0,2096,0.0,0.0,0.0,0.0,0.0,16,480,1776,2272
324,16,16,12,3,6,16,8,2,2096,0.0,0.0,0.0,0.0,0.0,16,480,1872,2368
325,16,16,12,3,6,16,16,2,2096,0.0,0.0,0.0,0.0,0.0,16,480,1872,2368
326,16,16,12,3,6,8,8,0,2112,0.0,0.0,0.0,0.0,0.0,16,384,1872,2272
327,16,16,6,3,8,8,8,0,2144,0.0,0.0,0.0,0.0,0.0,16,512,1776,2304
328,16,16,12,3,8,8,8,2,2144,0.0,0.0,0.0,0.0,0.0,16,512,1872,2400
329,16,16,6,3,8,16,8,2,2160,0.0,0.0,0.0,0.0,0.0,16,640,1776,2432
330,16,16,6,3,8,16,16,2,2160,0.0,0.0,0.0,0.0,0.0,16,640,1776,2432
331,16,16,6,3,6,32,8,0,2176,0.0,0.0,0.0,0.0,0.0,16,576,1776,2368
332,16,16,6,3,6,32,16,0,2176,0.0,0.0,0.0,0.0,0.0,16,576,1776,2368
333,16,16,6,3,6,32,32,0,2176,0.0,0.0,0.0,0.0,0.0,16,576,1776,2368
334,16,16,12,3,6,32,8,2,2176,0.0,0.0,0.0,0.0,0.0,16,576,1872,2464
335,16,16,12,3,6,32,16,2,2176,0.0,0.0,0.0,0.0,0.0,16,576,1872,2464
336,16,16,12,3,6,32,32,2,2176,0.0,0.0,0.0,0.0,0.0,16,576,1872,2464
337,16,16,12,3,6,16,8,0,2192,0.0,0.0,0.0,0.0,0.0,16,480,1872,2368
338,16,16,12,3,6,16,16,0,2192,0.0,0.0,0.0,0.0,0.0,16,480,1872,2368
339,16,16,12,3,8,8,8,0,2240,0.0,0.0,0.0,0.0,0.0,16,512,1872,2400
340,16,16,6,3,8,16,8,0,2256,0.0,0.0,0.0,0.0,0.0,16,640,1776,2432
341,16,16,6,3,8,16,16,0,2256,0.0,0.0,0.0,0.0,0.0,16,640,1776,2432
342,16,16,12,3,8,16,8,2,2256,0.0,0.0,0.0,0.0,0.0,16,640,1872,2528
343,16,16,12,3,8,16,16,2,2256,0.0,0.0,0.0,0.0,0.0,16,640,1872,2528
344,16,16,6,3,8,32,8,2,2272,0.0,0.0,0.0,0.0,0.0,16,768,1776,2560
345,16,16,6,3,8,32,16,2,2272,0.0,0.0,0.0,0.0,0.0,16,768,1776,2560
346,16,16,6,3,8,32,32,2,2272,0.0,0.0,0.0,0.0,0.0,16,768,1776,2560
347,16,16,12,3,6,32,8,0,2272,0.0,0.0,0.0,0.0,0.0,16,576,1872,2464
348,16,16,12,3,6,32,16,0,2272,0.0,0.0,0.0,0.0,0.0,16,576,1872,2464
349,16,16,12,3,6,32,32,0,2272,0.0,0.0,0.0,0.0,0.0,16,576,1872,2464
350,16,4,6,2,4,8,8,2,2332,0.0,0.0,0.0,0.0,0.0,16,256,2272,2544
351,16,16,12,3,8,16,8,0,2352,0.0,0.0,0.0,0.0,0.0,16,640,1872,2528
352,16,16,12,3,8,16,16,0,2352,0.0,0.0,0.0,0.0,0.0,16,640,1872,2528
353,16,16,6,3,8,32,8,0,2368,0.0,0.0,0.0,0.0,0.0,16,768,1776,2560
354,16,16,6,3,8,32,16,0,2368,0.0,0.0,0.0,0.0,0.0,16,768,1776,2560
355,16,16,6,3,8,32,32,0,2368,0.0,0.0,0.0,0.0,0.0,16,768,1776,2560
356,16,16,12,3,8,32,8,2,2368,0.0,0.0,0.0,0.0,0.0,16,768,1872,2656
357,16,16,12,3,8,32,16,2,2368,0.0,0.0,0.0,0.0,0.0,16,768,1872,2656
358,16,16,12,3,8,32,32,2,2368,0.0,0.0,0.0,0.0,0.0,16,768,1872,2656
359,16,4,6,2,4,16,8,2,2380,0.0,0.0,0.0,0.0,0.0,16,320,2272,2608
360,16,4,6,2,4,16,16,2,2380,0.0,0.0,0.0,0.0,0.0,16,320,2272,2608
361,16,4,6,2,4,8,8,0,2396,0.0,0.0,0.0,0.0,0.0,16,256,2272,2544
362,16,4,10,2,4,8,8,2,2396,0.0,0.0,0.0,0.0,0.0,16,256,2336,2608
363,16,4,6,2,4,32,8,2,2428,0.0,0.0,0.0,0.0,0.0,16,384,2272,2672
364,16,4,6,2,4,32,16,2,2428,0.0,0.0,0.0,0.0,0.0,16,384,2272,2672
365,16,4,6,2,4,32,32,2,2428,0.0,0.0,0.0,0.0,0.0,16,384,2272,2672
366,16,4,12,2,4,8,8,2,2428,0.0,0.0,0.0,0.0,0.0,16,256,2368,2640
367,16,4,6,2,4,16,8,0,2444,0.0,0.0,0.0,0.0,0.0,16,320,2272,2608
368,16,4,6,2,4,16,16,0,2444,0.0,0.0,0.0,0.0,0.0,16,320,2272,2608
369,16,4,10,2,4,16,8,2,2444,0.0,0.0,0.0,0.0,0.0,16,320,2336,2672
370,16,4,10,2,4,16,16,2,2444,0.0,0.0,0.0,0.0,0.0,16,320,2336,2672
371,16,4,6,2,6,8,8,2,2460,0.0,0.0,0.0,0.0,0.0,16,384,2272,2672
372,16,4,10,2,4,8,8,0,2460,0.0,0.0,0.0,0.0,0.0,16,256,2336,2608
373,16,16,12,3,8,32,8,0,2464,0.0,0.0,0.0,0.0,0.0,16,768,1872,2656
374,16,16,12,3,8,32,16,0,2464,0.0,0.0,0.0,0.0,0.0,16,768,1872,2656
375,16,16,12,3,8,32,32,0,2464,0.0,0.0,0.0,0.0,0.0,16,768,1872,2656
376,16,4,12,2,4,16,8,2,2476,0.0,0.0,0.0,0.0,0.0,16,320,2368,2704
377,16,4,12,2,4,16,16,2,2476,0.0,0.0,0.0,0.0,0.0,16,320,2368,2704
378,16,4,6,2,4,32,8,0,2492,0.0,0.0,0.0,0.0,0.0,16,384,2272,2672
379,16,4,6,2,4,32,16,0,2492,0.0,0.0,0.0,0.0,0.0,16,384,2272,2672
380,16,4,6,2,4,32,32,0,2492,0.0,0.0,0.0,0.0,0.0,16,384,2272,2672
381,16,4,10,2,4,32,8,2,2492,0.0,0.0,0.0,0.0,0.0,16,384,2336,2736
382,16,4,10,2,4,32,16,2,2492,0.0,0.0,0.0,0.0,0.0,16,384,2336,2736
383,16,4,10,2,4,32,32,2,2492,0.0,0.0,0.0,0.0,0.0,16,384,2336,2736
384,16,4,12,2,4,8,8,0,2492,0.0,0.0,0.0,0.0,0.0,16,256,2368,2640
385,16,4,10,2,4,16,8,0,2508,0.0,0.0,0.0,0.0,0.0,16,320,2336,2672
386,16,4,10,2,4,16,16,0,2508,0.0,0.0,0.0,0.0,0.0,16,320,2336,2672
387,16,4,6,2,6,8,8,0,2524,0.0,0.0,0.0,0.0,0.0,16,384,2272,2672
388,16,4,10,2,6,8,8,2,2524,0.0,0.0,0.0,0.0,0.0,16,384,2336,2736
389,16,4,12,2,4,32,8,2,2524,0.0,0.0,0.0,0.0,0.0,16,384,2368,2768
390,16,4,12,2,4,32,16,2,2524,0.0,0.0,0.0,0.0,0.0,16,384,2368,2768
391,16,4,12,2,4,32,32,2,2524,0.0,0.0,0.0,0.0,0.0,16,384,2368,2768
392,16,4,6,2,6,16,8,2,2540,0.0,0.0,0.0,0.0,0.0,16,480,2272,2768
393,16,4,6,2,6,16,16,2,2540,0.0,0.0,0.0,0.0,0.0,16,480,2272,2768
394,16,4,12,2,4,16,8,0,2540,0.0,0.0,0.0,0.0,0.0,16,320,2368,2704
395,16,4,12,2,4,16,16,0,2540,0.0,0.0,0.0,0.0,0.0,16,320,2368,2704
396,16,4,10,2,4,32,8,0,2556,0.0,0.0,0.0,0.0,0.0,16,384,2336,2736
397,16,4,10,2,4,32,16,0,2556,0.0,0.0,0.0,0.0,0.0,16,384,2336,2736
398,16,4,10,2,4,32,32,0,2556,0.0,0.0,0.0,0.0,0.0,16,384,2336,2736
399,16,4,12,2,6,8,8,2,2556,0.0,0.0,0.0,0.0,0.0,16,384,2368,2768
400,16,4,6,2,8,8,8,2,2588,0.0,0.0,0.0,0.0,0.0,16,512,2272,2800
401,16,4,10,2,6,8,8,0,2588,0.0,0.0,0.0,0.0,0.0,16,384,2336,2736
402,16,4,12,2,4,32,8,0,2588,0.0,0.0,0.0,0.0,0.0,16,384,2368,2768
403,16,4,12,2,4,32,16,0,2588,0.0,0.0,0.0,0.0,0.0,16,384,2368,2768
404,16,4,12,2,4,32,32,0,2588,0.0,0.0,0.0,0.0,0.0,16,384,2368,2768
405,16,4,6,2,6,16,8,0,2604,0.0,0.0,0.0,0.0,0.0,16,480,2272,2768
406,16,4,6,2,6,16,16,0,2604,0.0,0.0,0.0,0.0,0.0,16,480,2272,2768
407,16,4,10,2,6,16,8,2,2604,0.0,0.0,0.0,0.0,0.0,16,480,2336,2832
408,16,4,10,2,6,16,16,2,2604,0.0,0.0,0.0,0.0,0.0,16,480,2336,2832
409,16,4,6,2,6,32,8,2,2620,0.0,0.0,0.0,0.0,0.0,16,576,2272,2864
410,16,4,6,2,6,32,16,2,2620,0.0,0.0,0.0,0.0,0.0,16,576,2272,2864
411,16,4,6,2,6,32,32,2,2620,0.0,0.0,0.0,0.0,0.0,16,576,2272,2864
412,16,4,12,2,6,8,8,0,2620,0.0,0.0,0.0,0.0,0.0,16,384,2368,2768
413,16,4,12,2,6,16,8,2,2636,0.0,0.0,0.0,0.0,0.0,16,480,2368,2864
414,16,4,12,2,6,16,16,2,2636,0.0,0.0,0.0,0.0,0.0,16,480,2368,2864
415,16,4,6,2,8,8,8,0,2652,0.0,0.0,0.0,0.0,0.0,16,512,2272,2800
416,16,4,10,2,8,8,8,2,2652,0.0,0.0,0.0,0.0,0.0,16,512,2336,2864
417,16,4,10,2,6,16,8,0,2668,0.0,0.0,0.0,0.0,0.0,16,480,2336,2832
418,16,4,10,2,6,16,16,0,2668,0.0,0.0,0.0,0.0,0.0,16,480,2336,2832
419,16,4,6,2,6,32,8,0,2684,0.0,0.0,0.0,0.0,0.0,16,576,2272,2864
420,16,4,6,2,6,32,16,0,2684,0.0,0.0,0.0,0.0,0.0,16,576,2272,2864
421,16,4,6,2,6,32,32,0,2684,0.0,0.0,0.0,0.0,0.0,16,576,2272,2864
422,16,4,10,2,6,32,8,2,2684,0.0,0.0,0.0,0.0,0.0,16,576,2336,2928
423,16,4,10,2,6,32,16,2,2684,0.0,0.0,0.0,0.0,0.0,16,576,2336,2928
424,16,4,10,2,6,32,32,2,2684,0.0,0.0,0.0,0.0,0.0,16,576,2336,2928
425,16,4,12,2,8,8,8,2,2684,0.0,0.0,0.0,0.0,0.0,16,512,2368,2896
426,16,4,6,2,8,16,8,2,2700,0.0,0.0,0.0,0.0,0.0,16,640,2272,2928
427,16,4,6,2,8,16,16,2,2700,0.0,0.0,0.0,0.0,0.0,16,640,2272,2928
428,16,4,12,2,6,16,8,0,2700,0.0,0.0,0.0,0.0,0.0,16,480,2368,2864
429,16,4,12,2,6,16,16,0,2700,0.0,0.0,0.0,0.0,0.0,16,480,2368,2864
430,16,4,10,2,8,8,8,0,2716,0.0,0.0,0.0,0.0,0.0,16,512,2336,2864
431,16,4,12,2,6,32,8,2,2716,0.0,0.0,0.0,0.0,0.0,16,576,2368,2960
432,16,4,12,2,6,32,16,2,2716,0.0,0.0,0.0,0.0,0.0,16,576,2368,2960
433,16,4,12,2,6,32,32,2,2716,0.0,0.0,0.0,0.0,0.0,16,576,2368,2960
434,16,4,10,2,6,32,8,0,2748,0.0,0.0,0.0,0.0,0.0,16,576,2336,2928
435,16,4,10,2,6,32,16,0,2748,0.0,0.0,0.0,0.0,0.0,16,576,2336,2928
436,16,4,10,2,6,32,32,0,2748,0.0,0.0,0.0,0.0,0.0,16,576,2336,2928
437,16,4,12,2,8,8,8,0,2748,0.0,0.0,0.0,0.0,0.0,16,512,2368,2896
438,16,4,6,2,8,16,8,0,2764,0.0,0.0,0.0,0.0,0.0,16,640,2272,2928
439,16,4,6,2,8,16,16,0,2764,0.0,0.0,0.0,0.0,0.0,16,640,2272,2928
440,16,4,10,2,8,16,8,2,2764,0.0,0.0,0.0,0.0,0.0,16,640,2336,2992
441,16,4,10,2,8,16,16,2,2764,0.0,0.0,0.0,0.0,0.0,16,640,2336,2992
442,16,4,12,2,6,32,8,0,2780,0.0,0.0,0.0,0.0,0.0,16,576,2368,2960
443,16,4,12,2,6,32,16,0,2780,0.0,0.0,0.0,0.0,0.0,16,576,2368,2960
444,16,4,12,2,6,32,32,0,2780,0.0,0.0,0.0,0.0,0.0,16,576,2368,2960
445,16,4,12,2,8,16,8,2,2796,0.0,0.0,0.0,0.0,0.0,16,640,2368,3024
446,16,4,12,2,8,16,16,2,2796,0.0,0.0,0.0,0.0,0.0,16,640,2368,3024
447,16,4,6,2,8,32,8,2,2812,0.0,0.0,0.0,0.0,0.0,16,768,2272,3056
448,16,4,6,2,8,32,16,2,2812,0.0,0.0,0.0,0.0,0.0,16,768,2272,3056
449,16,4,6,2,8,32,32,2,2812,0.0,0.0,0.0,0.0,0.0,16,768,2272,3056
450,16,4,10,2,8,16,8,0,2828,0.0,0.0,0.0,0.0,0.0,16,640,2336,2992
451,16,4,10,2,8,16,16,0,2828,0.0,0.0,0.0,0.0,0.0,16,640,2336,2992
452,16,4,12,2,8,16,8,0,2860,0.0,0.0,0.0,0.0,0.0,16,640,2368,3024
453,16,4,12,2,8,16,16,0,2860,0.0,0.0,0.0,0.0,0.0,16,640,2368,3024
454,16,4,6,2,8,32,8,0,2876,0.0,0.0,0.0,0.0,0.0,16,768,2272,3056
455,16,4,6,2,8,32,16,0,2876,0.0,0.0,0.0,0.0,0.0,16,768,2272,3056
456,16,4,6,2,8,32,32,0,2876,0.0,0.0,0.0,0.0,0.0,16,768,2272,3056
457,16,4,10,2,8,32,8,2,2876,0.0,0.0,0.0,0.0,0.0,16,768,2336,3120
458,16,4,10,2,8,32,16,2,2876,0.0,0.0,0.0,0.0,0.0,16,768,2336,3120
459,16,4,10,2,8,32,32,2,2876,0.0,0.0,0.0,0.0,0.0,16,768,2336,3120
460,16,4,12,2,8,32,8,2,2908,0.0,0.0,0.0,0.0,0.0,16,768,2368,3152
461,16,4,12,2,8,32,16,2,2908,0.0,0.0,0.0,0.0,0.0,16,768,2368,3152
462,16,4,12,2,8,32,32,2,2908,0.0,0.0,0.0,0.0,0.0,16,768,2368,3152
463,16,4,10,2,8,32,8,0,2940,0.0,0.0,0.0,0.0,0.0,16,768,2336,3120
464,16,4,10,2,8,32,16,0,2940,0.0,0.0,0.0,0.0,0.0,16,768,2336,3120
465,16,4,10,2,8,32,32,0,2940,0.0,0.0,0.0,0.0,0.0,16,768,2336,3120
466,16,4,12,2,8,32,8,0,2972,0.0,0.0,0.0,0.0,0.0,16,768,2368,3152
467,16,4,12,2,8,32,16,0,2972,0.0,0.0,0.0,0.0,0.0,16,768,2368,3152
468,16,4,12,2,8,32,32,0,2972,0.0,0.0,0.0,0.0,0.0,16,768,2368,3152
469,16,4,6,3,4,8,8,2,3328,0.0,0.0,0.0,0.0,0.0,16,256,3360,3632
470,16,4,6,3,4,16,8,2,3376,0.0,0.0,0.0,0.0,0.0,16,320,3360,3696
471,16,4,6,3,4,16,16,2,3376,0.0,0.0,0.0,0.0,0.0,16,320,3360,3696
472,16,4,6,3,4,8,8,0,3424,0.0,0.0,0.0,0.0,0.0,16,256,3360,3632
473,16,4,6,3,4,32,8,2,3424,0.0,0.0,0.0,0.0,0.0,16,384,3360,3760
474,16,4,6,3,4,32,16,2,3424,0.0,0.0,0.0,0.0,0.0,16,384,3360,3760
475,16,4,6,3,4,32,32,2,3424,0.0,0.0,0.0,0.0,0.0,16,384,3360,3760
476,16,4,12,3,4,8,8,2,3424,0.0,0.0,0.0,0.0,0.0,16,256,3456,3728
477,16,4,6,3,6,8,8,2,3456,0.0,0.0,0.0,0.0,0.0,16,384,3360,3760
478,16,4,6,3,4,16,8,0,3472,0.0,0.0,0.0,0.0,0.0,16,320,3360,3696
479,16,4,6,3,4,16,16,0,3472,0.0,0.0,0.0,0.0,0.0,16,320,3360,3696
480,16,4,12,3,4,16,8,2,3472,0.0,0.0,0.0,0.0,0.0,16,320,3456,3792
481,16,4,12,3,4,16,16,2,3472,0.0,0.0,0.0,0.0,0.0,16,320,3456,3792
482,16,4,6,3,4,32,8,0,3520,0.0,0.0,0.0,0.0,0.0,16,384,3360,3760
483,16,4,6,3,4,32,16,0,3520,0.0,0.0,0.0,0.0,0.0,16,384,3360,3760
484,16,4,6,3,4,32,32,0,3520,0.0,0.0,0.0,0.0,0.0,16,384,3360,3760
485,16,4,12,3,4,8,8,0,3520,0.0,0.0,0.0,0.0,0.0,16,256,3456,3728
486,16,4,12,3,4,32,8,2,3520,0.0,0.0,0.0,0.0,0.0,16,384,3456,3856
487,16,4,12,3,4,32,16,2,3520,0.0,0.0,0.0,0.0,0.0,16,384,3456,3856
488,16,4,12,3,4,32,32,2,3520,0.0,0.0,0.0,0.0,0.0,16,384,3456,3856
489,16,4,6,3,6,16,8,2,3536,0.0,0.0,0.0,0.0,0.0,16,480,3360,3856
490,16,4,6,3,6,16,16,2,3536,0.0,0.0,0.0,0.0,0.0,16,480,3360,3856
491,16,4,6,3,6,8,8,0,3552,0.0,0.0,0.0,0.0,0.0,16,384,3360,3760
492,16,4,12,3,6,8,8,2,3552,0.0,0.0,0.0,0.0,0.0,16,384,3456,3856
493,16,4,12,3,4,16,8,0,3568,0.0,0.0,0.0,0.0,0.0,16,320,3456,3792
494,16,4,12,3,4,16,16,0,3568,0.0,0.0,0.0,0.0,0.0,16,320,3456,3792
495,16,4,6,3,8,8,8,2,3584,0.0,0.0,0.0,0.0,0.0,16,512,3360,3888
496,16,4,6,3,6,32,8,2,3616,0.0,0.0,0.0,0.0,0.0,16,576,3360,3952
497,16,4,6,3,6,32,16,2,3616,0.0,0.0,0.0,0.0,0.0,16,576,3360,3952
498,16,4,6,3,6,32,32,2,3616,0.0,0.0,0.0,0.0,0.0,16,576,3360,3952
499,16,4,12,3,4,32,8,0,3616,0.0,0.0,0.0,0.0,0.0,16,384,3456,3856
500,16,4,12,3,4,32,16,0,3616,0.0,0.0,0.0,0.0,0.0,16,384,3456,3856
501,16,4,12,3,4,32,32,0,3616,0.0,0.0,0.0,0.0,0.0,16,384,3456,3856
502,16,4,6,3,6,16,8,0,3632,0.0,0.0,0.0,0.0,0.0,16,480,3360,3856
503,16,4,6,3,6,16,16,0,3632,0.0,0.0,0.0,0.0,0.0,16,480,3360,3856
504,16,4,12,3,6,16,8,2,3632,0.0,0.0,0.0,0.0,0.0,16,480,3456,3952
505,16,4,12,3,6,16,16,2,3632,0.0,0.0,0.0,0.0,0.0,16,480,3456,3952
506,16,4,12,3,6,8,8,0,3648,0.0,0.0,0.0,0.0,0.0,16,384,3456,3856
507,16,4,6,3,8,8,8,0,3680,0.0,0.0,0.0,0.0,0.0,16,512,3360,3888
508,16,4,12,3,8,8,8,2,3680,0.0,0.0,0.0,0.0,0.0,16,512,3456,3984
509,16,4,6,3,8,16,8,2,3696,0.0,0.0,0.0,0.0,0.0,16,640,3360,4016
510,16,4,6,3,8,16,16,2,3696,0.0,0.0,0.0,0.0,0.0,16,640,3360,4016
511,16,4,6,3,6,32,8,0,3712,0.0,0.0,0.0,0.0,0.0,16,576,3360,3952
512,16,4,6,3,6,32,16,0,3712,0.0,0.0,0.0,0.0,0.0,16,576,3360,3952
513,16,4,6,3,6,32,32,0,3712,0.0,0.0,0.0,0.0,0.0,16,576,3360,3952
514,16,4,12,3,6,32,8,2,3712,0.0,0.0,0.0,0.0,0.0,16,576,3456,4048
515,16,4,12,3,6,32,16,2,3712,0.0,0.0,0.0,0.0,0.0,16,576,3456,4048
516,16,4,12,3,6,32,32,2,3712,0.0,0.0,0.0,0.0,0.0,16,576,3456,4048
517,16,4,12,3,6,16,8,0,3728,0.0,0.0,0.0,0.0,0.0,16,480,3456,3952
518,16,4,12,3,6,16,16,0,3728,0.0,0.0,0.0,0.0,0.0,16,480,3456,3952
519,16,4,12,3,8,8,8,0,3776,0.0,0.0,0.0,0.0,0.0,16,512,3456,3984
520,16,4,6,3,8,16,8,0,3792,0.0,0.0,0.0,0.0,0.0,16,640,3360,4016
521,16,4,6,3,8,16,16,0,3792,0.0,0.0,0.0,0.0,0.0,16,640,3360,4016
522,16,4,12,3,8,16,8,2,3792,0.0,0.0,0.0,0.0,0.0,16,640,3456,4112
523,16,4,12,3,8,16,16,2,3792,0.0,0.0,0.0,0.0,0.0,16,640,3456,4112
524,16,4,6,3,8,32,8,2,3808,0.0,0.0,0.0,0.0,0.0,16,768,3360,4144
525,16,4,6,3,8,32,16,2,3808,0.0,0.0,0.0,0.0,0.0,16,768,3360,4144
526,16,4,6,3,8,32,32,2,3808,0.0,0.0,0.0,0.0,0.0,16,768,3360,4144
527,16,4,12,3,6,32,8,0,3808,0.0,0.0,0.0,0.0,0.0,16,576,3456,4048
528,16,4,12,3,6,32,16,0,3808,0.0,0.0,0.0,0.0,0.0,16,576,3456,4048
529,16,4,12,3,6,32,32,0,3808,0.0,0.0,0.0,0.0,0.0,16,576,3456,4048
530,16,4,12,3,8,16,8,0,3888,0.0,0.0,0.0,0.0,0.0,16,640,3456,4112
531,16,4,12,3,8,16,16,0,3888,0.0,0.0,0.0,0.0,0.0,16,640,3456,4112
532,16,4,6,3,8,32,8,0,3904,0.0,0.0,0.0,0.0,0.0,16,768,3360,4144
533,16,4,6,3,8,32,16,0,3904,0.0,0.0,0.0,0.0,0.0,16,768,3360,4144
534,16,4,6,3,8,32,32,0,3904,0.0,0.0,0.0,0.0,0.0,16,768,3360,4144
535,16,4,12,3,8,32,8,2,3904,0.0,0.0,0.0,0.0,0.0,16,768,3456,4240
536,16,4,12,3,8,32,16,2,3904,0.0,0.0,0.0,0.0,0.0,16,768,3456,4240
537,16,4,12,3,8,32,32,2,3904,0.0,0.0,0.0,0.0,0.0,16,768,3456,4240
538,16,4,12,3,8,32,8,0,4000,0.0,0.0,0.0,0.0,0.0,16,768,3456,4240
539,16,4,12,3,8,32,16,0,4000,0.0,0.0,0.0,0.0,0.0,16,768,3456,4240
540,16,4,12,3,8,32,32,0,4000,0.0,0.0,0.0,0.0,0.0,16,768,3456,4240
